,Destination Country,Origin Country,2015,2016,2017,2018,2019,2020
0,Brunei Darussalam,Total Intra-ASEAN,118719.0,117525.0,131351.0,134596.0,168705.0,32571.0
1,Brunei Darussalam,Total Country (World),218213.0,218809.0,258955.0,278136.0,333244.0,62325.0
2,Brunei Darussalam,Total EU-27,7750.0,6941.0,7581.0,7338.0,5884.0,2034.0
3,Brunei Darussalam,Total EU-28,18879.0,17301.0,19673.0,19304.0,20082.0,76456.54567307692
4,Brunei Darussalam,Australia [AU],9972.0,7989.0,8600.0,9702.0,10188.0,2597.0
5,Brunei Darussalam,Austria [AT],122.0,128.0,101.0,158.0,442567.1172839506,18.0
6,Brunei Darussalam,Bahrain [BH],27.0,19.0,131.0,39.0,442567.1172839506,5.0
7,Brunei Darussalam,Bangladesh [BD],1531.0,2627.0,3553.0,3878.0,3281.0,638.0
8,Brunei Darussalam,Belgium [BE],160.0,137.0,181.0,125.0,442567.1172839506,46.0
9,Brunei Darussalam,Cambodia [KH],251.0,318.0,356.0,420.0,463.0,29.0
10,Brunei Darussalam,Canada [CA],2245.0,2013.0,2344.0,2256.0,2322.0,410.0
11,Brunei Darussalam,China [CN],36886.0,40838.0,52391.0,65563.0,74511.0,11329.0
12,Brunei Darussalam,Czech Republic [CZ],126.0,167.0,105.0,160.0,442567.1172839506,73.0
13,Brunei Darussalam,Denmark [DK],250.0,272.0,251.0,165.0,312.0,51.0
14,Brunei Darussalam,Egypt [EG],402016.99856527976,563143.713740458,374040.91784037556,244.0,442567.1172839506,146.0
15,Brunei Darussalam,Finland [FI],184.0,248.0,149.0,175.0,442567.1172839506,52.0
16,Brunei Darussalam,France [FR],1700.0,1340.0,1403.0,1318.0,1381.0,234.0
17,Brunei Darussalam,Germany [DE],1923.0,1657.0,1868.0,1827.0,1764.0,527.0
18,Brunei Darussalam,Greece [GR],44.0,54.0,67.0,72.0,442567.1172839506,38.0
19,Brunei Darussalam,Hong Kong SAR [HK],1617.0,1931.0,2172.0,2650.0,442567.1172839506,303.0
20,Brunei Darussalam,India [IN],6379.0,7193.0,8691.0,8635.0,8925.0,1750.0
21,Brunei Darussalam,Indonesia [ID],17152.0,20844.0,22420.0,27462.0,33626.0,6262.0
22,Brunei Darussalam,Ireland [IE],303.0,301.0,348.0,246.0,109.0,92.0
23,Brunei Darussalam,Italy [IT],543.0,512.0,583.0,491.0,612.0,97.0
24,Brunei Darussalam,Japan [JP],4336.0,4474.0,5191.0,5360.0,10680.0,2135.0
25,Brunei Darussalam,Korea [KR],2871.0,3551.0,8705.0,9125.0,15767.0,1939.0
26,Brunei Darussalam,Kuwait [KW],33.0,92.0,40.0,127.0,442567.1172839506,17.0
27,Brunei Darussalam,Lao PDR [LA],125.0,192.0,144.0,233.0,221.0,46.0
28,Brunei Darussalam,Malaysia [MY],57986.0,54374.0,60030.0,59528.0,82876.0,16869.0
29,Brunei Darussalam,Myanmar [MM],618.0,596.0,643.0,667.0,872.0,75.0
30,Brunei Darussalam,Nepal [NP],1092.0,1129.0,1861.0,2308.0,1926.0,499.0
31,Brunei Darussalam,Netherlands [NL],1348.0,1020.0,1301.0,1218.0,1360.0,330.0
32,Brunei Darussalam,New Zealand [NZ],1641.0,1454.0,1394.0,1385.0,1272.0,229.0
33,Brunei Darussalam,Norway [NO],348.0,229.0,244.0,266.0,280.0,45.0
34,Brunei Darussalam,Oman [OM],366.0,267.0,298.0,277.0,218.0,41.0
35,Brunei Darussalam,Others Unspecified Countries [O0],3435.0,3273.0,3854.0,4113.0,9581.0,825.0
36,Brunei Darussalam,Pakistan [PK],621.0,656.0,868.0,881.0,853.0,130.0
37,Brunei Darussalam,Philippines [PH],17922.0,17064.0,23157.0,22319.0,24584.0,4562.0
38,Brunei Darussalam,Poland [PL],319.0,376.0,312.0,413.0,442567.1172839506,169.0
39,Brunei Darussalam,Portugal [PT],153.0,167.0,186.0,325.0,442567.1172839506,96.0
40,Brunei Darussalam,Qatar [QA],24.0,21.0,22.0,29.0,442567.1172839506,5.0
41,Brunei Darussalam,Russia [RU],349.0,242.0,371.0,615.0,442567.1172839506,175.0
42,Brunei Darussalam,Saudi Arabia [SA],264.0,244.0,335.0,275.0,442567.1172839506,82.0
43,Brunei Darussalam,Singapore [SG],16230.0,14473.0,14919.0,14091.0,14789.0,2226.0
44,Brunei Darussalam,Spain [ES],283.0,300.0,379.0,369.0,442567.1172839506,122.0
45,Brunei Darussalam,Sri Lanka [LK],352.0,291.0,398.0,285.0,278.0,49.0
46,Brunei Darussalam,Sweden [SE],292.0,262.0,347.0,276.0,346.0,89.0
47,Brunei Darussalam,Switzerland [CH],670.0,287.0,420.0,1682.0,442567.1172839506,65.0
48,Brunei Darussalam,Taiwan Province of China [TW],1744.0,1579.0,1734.0,412817.3321167883,442567.1172839506,76456.54567307692
49,Brunei Darussalam,Thailand [TH],5831.0,6303.0,6302.0,5828.0,5730.0,1040.0
50,Brunei Darussalam,Turkey [TR],402016.99856527976,563143.713740458,374040.91784037556,238.0,442567.1172839506,44.0
51,Brunei Darussalam,United Arab Emirates [AE],108.0,176.0,120.0,166.0,442567.1172839506,4.0
52,Brunei Darussalam,United Kingdom [GB],11129.0,10360.0,12092.0,11966.0,14198.0,3407.0
53,Brunei Darussalam,United States [US],3704.0,3408.0,4194.0,4137.0,4375.0,851.0
54,Brunei Darussalam,Viet Nam [VN],2604.0,3361.0,3380.0,4048.0,5544.0,1462.0
55,Cambodia,Total Intra-ASEAN,2097758.0,2121220.0,2161254.0,2067504.0,2228185.0,496466.0
56,Cambodia,Total Country (World),4775231.0,5011712.0,5602157.0,6201077.0,6610592.0,1306143.0
57,Cambodia,Total EU-27,456880.0,458431.0,552946.0,521914.0,509996.0,137342.0
58,Cambodia,Total EU-28,611145.0,617920.0,724108.0,684309.0,673173.0,76456.54567307692
59,Cambodia,Afghanistan [AF],121.0,158.0,220.0,276.0,379.0,50.0
60,Cambodia,Argentina [AR],7870.0,13497.0,17626.0,10972.0,5899.0,2624.0
61,Cambodia,Australia [AU],134748.0,146806.0,143852.0,127430.0,123253.0,23687.0
62,Cambodia,Austria [AT],10080.0,11203.0,11400.0,11374.0,10707.0,3560.0
63,Cambodia,Bangladesh [BD],2057.0,1851.0,2227.0,3206.0,7081.0,1621.0
64,Cambodia,Belgium [BE],17452.0,18047.0,21512.0,18499.0,19270.0,4278.0
65,Cambodia,Bhutan [BT],229.0,226.0,204.0,174.0,265.0,43.0
66,Cambodia,Brazil [BR],10618.0,12526.0,17563.0,12937.0,10454.0,3959.0
67,Cambodia,Brunei Darussalam [BN],852.0,1120.0,1009.0,790.0,1131.0,150.0
68,Cambodia,Bulgaria [BG],1771.0,1837.0,2754.0,2817.0,2941.0,943.0
69,Cambodia,Cameroon [CM],202.0,120.0,178.0,258.0,372.0,81.0
70,Cambodia,Canada [CA],56834.0,60715.0,69077.0,61551.0,60189.0,15580.0
71,Cambodia,Chile [CL],4968.0,6208.0,6708.0,7838.0,6611.0,1568.0
72,Cambodia,China [CN],694712.0,830003.0,1210782.0,2024443.0,2361849.0,329673.0
73,Cambodia,Colombia [CO],2903.0,3510.0,5163.0,7605.0,4352.0,919.0
74,Cambodia,Costa Rica [CR],465.0,581.0,1046.0,1490.0,821.0,145.0
75,Cambodia,Croatia [HR],1304.0,1213.0,1890.0,2363.0,1527.0,559.0
76,Cambodia,Czech Republic [CZ],5603.0,5761.0,8352.0,7000.0,7073.0,2341.0
77,Cambodia,Denmark [DK],11553.0,11462.0,13910.0,12688.0,11843.0,4366.0
78,Cambodia,Ecuador [EC],560.0,612.0,929.0,805.0,689.0,126.0
79,Cambodia,Egypt [EG],587.0,696.0,809.0,846.0,1437.0,280.0
80,Cambodia,Estonia [EE],1952.0,1889.0,2864.0,3240.0,1450.0,532.0
81,Cambodia,Fiji [FJ],191.0,230.0,393.0,262.0,543.0,78.0
82,Cambodia,Finland [FI],7246.0,6639.0,7465.0,7375.0,6045.0,2132.0
83,Cambodia,France [FR],145724.0,150294.0,166356.0,170844.0,164117.0,43174.0
84,Cambodia,Germany [DE],94040.0,108784.0,118265.0,98976.0,94371.0,27280.0
85,Cambodia,Ghana [GH],93.0,190.0,281.0,502.0,385.0,254.0
86,Cambodia,Greece [GR],1595.0,1652.0,1956.0,1924.0,2207.0,573.0
87,Cambodia,Honduras [HN],112.0,191.0,174.0,187.0,189.0,41.0
88,Cambodia,Hong Kong SAR [HK],14787.0,15980.0,13461.0,12221.0,2191.0,273.0
89,Cambodia,Hungary [HU],4190.0,4682.0,5882.0,5460.0,6173.0,2809.0
90,Cambodia,Iceland [IS],727.0,815.0,938.0,761.0,885.0,225.0
91,Cambodia,India [IN],36671.0,46131.0,59571.0,65882.0,75286.0,12919.0
92,Cambodia,Indonesia [ID],43147.0,48771.0,49878.0,55753.0,66804.0,14564.0
93,Cambodia,Iraq [IQ],169.0,203.0,289.0,577.0,550.0,111.0
94,Cambodia,Ireland [IE],11200.0,11943.0,12829.0,12142.0,12009.0,2614.0
95,Cambodia,Islamic Republic of Iran [IR],525.0,600.0,861.0,1515.0,1373.0,304.0
96,Cambodia,Israel [IL],9557.0,11180.0,13628.0,14727.0,16444.0,4812.0
97,Cambodia,Italy [IT],32177.0,35794.0,40329.0,33979.0,40916.0,11058.0
98,Cambodia,Jamaica [JM],143.0,108.0,173.0,268.0,223.0,38.0
99,Cambodia,Japan [JP],193330.0,191577.0,203373.0,210471.0,207636.0,41257.0
100,Cambodia,Jordan [JO],340.0,1030.0,646.0,495.0,677.0,157.0
101,Cambodia,Kazakhstan [KZ],2235.0,1772.0,2181.0,1989.0,2150.0,639.0
102,Cambodia,Kenya [KE],344.0,417.0,403.0,485.0,561.0,128.0
103,Cambodia,Korea [KR],395259.0,357194.0,345081.0,301770.0,254874.0,55935.0
104,Cambodia,Kuwait [KW],916.0,728.0,519.0,472.0,466.0,83.0
105,Cambodia,Kyrgyz Republic [KG],161.0,175.0,230.0,293.0,385.0,149.0
106,Cambodia,Lao PDR [LA],405359.0,369335.0,502219.0,426180.0,363951.0,34352.0
107,Cambodia,Latvia [LV],1081.0,1023.0,1505.0,1495.0,1355.0,371.0
108,Cambodia,Liberia [LR],55.0,46.0,61.0,1399.0,425.0,92.0
109,Cambodia,Lithuania [LT],1861.0,2211.0,2779.0,2250.0,2285.0,946.0
110,Cambodia,Luxembourg [LU],690.0,859.0,1079.0,690.0,931.0,186.0
111,Cambodia,Macao SAR [MO],392.0,404.0,539.0,640.0,219.0,30.0
112,Cambodia,Malaysia [MY],149389.0,152843.0,179316.0,201116.0,203008.0,25734.0
113,Cambodia,Malta [MT],462.0,512.0,492.0,439.0,507.0,128.0
114,Cambodia,Mexico [MX],7128.0,8301.0,9631.0,8705.0,10502.0,1564.0
115,Cambodia,Monaco [MC],89.0,78.0,92.0,93.0,84.0,27.0
116,Cambodia,Mongolia [MN],458.0,478.0,653.0,726.0,1437.0,322.0
117,Cambodia,Morocco [MA],505.0,509.0,846.0,868.0,993.0,310.0
118,Cambodia,Myanmar [MM],8965.0,12819.0,18981.0,22518.0,24414.0,3100.0
119,Cambodia,Nepal [NP],2358.0,2505.0,2823.0,3102.0,4011.0,680.0
120,Cambodia,Netherlands [NL],29015.0,30885.0,32457.0,28911.0,28284.0,6556.0
121,Cambodia,New Zealand [NZ],23021.0,24797.0,29948.0,24520.0,23304.0,4446.0
122,Cambodia,Nigeria [NG],1069.0,1507.0,1206.0,535.0,595.0,187.0
123,Cambodia,Norway [NO],9521.0,9666.0,11491.0,9463.0,8306.0,2812.0
124,Cambodia,Occupied Palestinian Territory [PS],84.0,103.0,117.0,193.0,114.0,38.0
125,Cambodia,Oman [OM],214.0,212.0,261.0,259.0,265.0,51.0
126,Cambodia,Others Unspecified Countries [O0],18037.0,65755.0,39245.0,18788.0,6006.0,1120.0
127,Cambodia,Pakistan [PK],1521.0,1627.0,2019.0,3567.0,4835.0,1125.0
128,Cambodia,Peru [PE],1060.0,1679.0,1794.0,1939.0,1823.0,347.0
129,Cambodia,Philippines [PH],84677.0,108032.0,98499.0,92451.0,105017.0,14760.0
130,Cambodia,Poland [PL],14008.0,15912.0,19426.0,20758.0,19618.0,7610.0
131,Cambodia,Portugal [PT],5947.0,7526.0,8091.0,7164.0,8299.0,1768.0
132,Cambodia,Qatar [QA],117.0,87.0,100.0,117.0,111.0,17.0
133,Cambodia,Republic of Congo [CG],107.0,110.0,90.0,305.0,434.0,20.0
134,Cambodia,Romania [RO],2414.0,2620.0,3637.0,3866.0,3701.0,1334.0
135,Cambodia,Russia [RU],55500.0,53164.0,65275.0,64726.0,55653.0,21944.0
136,Cambodia,Saudi Arabia [SA],307.0,349.0,260.0,321.0,493.0,90.0
137,Cambodia,Serbia and Montenegro [ZB],863.0,1052.0,1191.0,1249.0,1202.0,523.0
138,Cambodia,Singapore [SG],67669.0,70556.0,81063.0,86251.0,88564.0,10731.0
139,Cambodia,Slovak Republic [SK],2266.0,2740.0,3587.0,4120.0,3115.0,1146.0
140,Cambodia,Slovenia [SI],1257.0,1218.0,1686.0,1565.0,1756.0,545.0
141,Cambodia,South Africa [ZA],5336.0,5743.0,6956.0,6599.0,7711.0,1757.0
142,Cambodia,Spain [ES],34847.0,4047.0,44267.0,46835.0,45416.0,5805.0
143,Cambodia,Sri Lanka [LK],1933.0,2412.0,2625.0,3898.0,4823.0,864.0
144,Cambodia,Sudan [SD],131.0,123.0,147.0,224.0,243.0,43.0
145,Cambodia,Sweden [SE],17145.0,17678.0,18176.0,15140.0,14080.0,4728.0
146,Cambodia,Switzerland [CH],21979.0,26582.0,23876.0,20082.0,19696.0,5684.0
147,Cambodia,Syria [SY],260.0,629.0,548.0,480.0,499.0,85.0
148,Cambodia,Taiwan Province of China [TW],109727.0,104765.0,121023.0,134637.0,138402.0,22939.0
149,Cambodia,Thailand [TH],349908.0,398081.0,394934.0,382317.0,466493.0,210876.0
150,Cambodia,Timor-Leste [TL],402016.99856527976,563143.713740458,374040.91784037556,412817.3321167883,442567.1172839506,20.0
151,Cambodia,Tunisia [TN],207.0,392.0,308.0,302.0,844.0,130.0
152,Cambodia,Turkey [TR],5802.0,6623.0,8422.0,7427.0,6666.0,2385.0
153,Cambodia,Ukraine [UA],5322.0,5414.0,6125.0,7424.0,7476.0,3131.0
154,Cambodia,United Arab Emirates [AE],367.0,333.0,251.0,248.0,754.0,102.0
155,Cambodia,United Kingdom [GB],154265.0,159489.0,171162.0,162395.0,163177.0,44784.0
156,Cambodia,United States [US],217510.0,238658.0,256544.0,250813.0,248863.0,55973.0
157,Cambodia,Uruguay [UY],1004.0,1166.0,1816.0,1347.0,2170.0,271.0
158,Cambodia,Uzbekistan [UZ],735.0,491.0,572.0,551.0,701.0,292.0
159,Cambodia,Venezuela [VE],723.0,469.0,744.0,356.0,529.0,120.0
160,Cambodia,Viet Nam [VN],987792.0,959663.0,835355.0,800128.0,908803.0,182199.0
161,Cambodia,Yemen [YE],452.0,313.0,610.0,653.0,576.0,251.0
162,Indonesia,Total Intra-ASEAN,3860652.0,3817500.0,4524646.0,5453330.0,6157190.0,1521447.0
163,Indonesia,Total Country (World),10406759.0,11519275.0,14039799.0,15810305.0,16106954.0,4052923.0
164,Indonesia,Total EU-27,883697.0,1049790.0,1331779.0,1362608.0,1378217.0,266593.0
165,Indonesia,Total EU-28,1176442.0,1401807.0,1709910.0,1754720.0,1775901.0,76456.54567307692
166,Indonesia,Afghanistan [AF],402016.99856527976,563143.713740458,595.0,1139.0,703.0,103.0
167,Indonesia,Albania [AL],402016.99856527976,563143.713740458,592.0,758.0,1041.0,196.0
168,Indonesia,Algeria [DZ],402016.99856527976,563143.713740458,4341.0,4214.0,5000.0,792.0
169,Indonesia,American Samoa [AS],402016.99856527976,563143.713740458,374040.91784037556,117.0,89.0,1.0
170,Indonesia,Andorra [AD],402016.99856527976,563143.713740458,191.0,219.0,235.0,26.0
171,Indonesia,Angola [AO],402016.99856527976,563143.713740458,273.0,250.0,208.0,65.0
172,Indonesia,Antigua and Barbuda [AG],402016.99856527976,563143.713740458,202.0,175.0,194.0,42.0
173,Indonesia,Argentina [AR],402016.99856527976,563143.713740458,15280.0,11468.0,9994.0,3066.0
174,Indonesia,Armenia [AM],402016.99856527976,563143.713740458,772.0,857.0,1281.0,258.0
175,Indonesia,Aruba [AW],402016.99856527976,563143.713740458,374040.91784037556,412817.3321167883,81.0,24.0
176,Indonesia,ASEAN not specified [A],402016.99856527976,207727.0,374040.91784037556,412817.3321167883,442567.1172839506,76456.54567307692
177,Indonesia,Australia [AU],1099058.0,1302292.0,1256927.0,1301478.0,1386803.0,256291.0
178,Indonesia,Austria [AT],22791.0,24375.0,27208.0,29492.0,28476.0,4858.0
179,Indonesia,Azerbaijan [AZ],402016.99856527976,563143.713740458,4405.0,1233.0,1445.0,374.0
180,Indonesia,Bahrain [BH],1687.0,2243.0,2457.0,2324.0,2631.0,373.0
181,Indonesia,Bangladesh [BD],16162.0,39026.0,56503.0,56564.0,59777.0,12866.0
182,Indonesia,Belarus [BY],402016.99856527976,563143.713740458,4576.0,4821.0,6644.0,3092.0
183,Indonesia,Belgium [BE],38842.0,43607.0,48477.0,50050.0,46780.0,5902.0
184,Indonesia,Belize [BZ],402016.99856527976,563143.713740458,69.0,46.0,51.0,11.0
185,Indonesia,Benin [BJ],402016.99856527976,563143.713740458,133.0,214.0,153.0,15.0
186,Indonesia,Bhutan [BT],402016.99856527976,563143.713740458,610.0,674.0,867.0,194.0
187,Indonesia,Bolivia [BO],402016.99856527976,563143.713740458,454.0,462.0,484.0,93.0
188,Indonesia,Bosnia and Herzegovina [BA],402016.99856527976,563143.713740458,1784.0,1057.0,1354.0,280.0
189,Indonesia,Botswana [BW],402016.99856527976,563143.713740458,224.0,304.0,382.0,98.0
190,Indonesia,Brazil [BR],402016.99856527976,563143.713740458,32403.0,26503.0,30232.0,5945.0
191,Indonesia,Brunei Darussalam [BN],18304.0,23693.0,23455.0,17279.0,19278.0,2701.0
192,Indonesia,Bulgaria [BG],402016.99856527976,563143.713740458,8695.0,8405.0,7652.0,2575.0
193,Indonesia,Burkina Faso [BF],402016.99856527976,563143.713740458,200.0,227.0,189.0,45.0
194,Indonesia,Burundi [BI],402016.99856527976,563143.713740458,24.0,36.0,54.0,6.0
195,Indonesia,Cabo Verde [CV],402016.99856527976,563143.713740458,130.0,149.0,189.0,49.0
196,Indonesia,Cambodia [KH],5969.0,563143.713740458,6506.0,8875.0,13843.0,2227.0
197,Indonesia,Cameroon [CM],402016.99856527976,563143.713740458,294.0,266.0,242.0,68.0
198,Indonesia,Canada [CA],75816.0,86804.0,96139.0,97908.0,103616.0,23200.0
199,Indonesia,Central African Republic [CF],402016.99856527976,563143.713740458,12.0,14.0,170.0,7.0
200,Indonesia,Chad [TD],402016.99856527976,563143.713740458,144.0,95.0,122.0,28.0
201,Indonesia,Chile [CL],402016.99856527976,563143.713740458,10049.0,11008.0,10029.0,2615.0
202,Indonesia,China [CN],1260700.0,1556771.0,2093171.0,2139161.0,2072252.0,239768.0
203,Indonesia,Colombia [CO],402016.99856527976,563143.713740458,5051.0,5445.0,6304.0,1324.0
204,Indonesia,Comoros [KM],402016.99856527976,563143.713740458,227.0,203.0,304.0,51.0
205,Indonesia,Cook Islands [CK],402016.99856527976,563143.713740458,374040.91784037556,1.0,442567.1172839506,76456.54567307692
206,Indonesia,Costa Rica [CR],402016.99856527976,563143.713740458,5277.0,855.0,899.0,180.0
207,Indonesia,Côte d'Ivoire [CI],402016.99856527976,563143.713740458,488.0,834.0,729.0,123.0
208,Indonesia,Croatia [HR],402016.99856527976,563143.713740458,6620.0,4115.0,5257.0,1388.0
209,Indonesia,Cuba [CU],402016.99856527976,563143.713740458,634.0,526.0,764.0,171.0
210,Indonesia,Cyprus [CY],402016.99856527976,563143.713740458,1909.0,1899.0,3913.0,650.0
211,Indonesia,Czech Republic [CZ],402016.99856527976,563143.713740458,20125.0,22848.0,23941.0,6178.0
212,Indonesia,Democratic People's Republic of Korea [KP],402016.99856527976,563143.713740458,140.0,622.0,241.0,9.0
213,Indonesia,Democratic Republic of the Congo [CD],402016.99856527976,563143.713740458,186.0,185.0,158.0,43.0
214,Indonesia,Denmark [DK],28020.0,36380.0,43721.0,46825.0,45090.0,10533.0
215,Indonesia,Djibouti [DJ],402016.99856527976,563143.713740458,56.0,50.0,54.0,21.0
216,Indonesia,Dominica [DM],402016.99856527976,563143.713740458,374040.91784037556,171.0,282.0,66.0
217,Indonesia,Dominican Republic [DO],402016.99856527976,563143.713740458,393.0,288.0,407.0,66.0
218,Indonesia,Ecuador [EC],402016.99856527976,563143.713740458,1165.0,1176.0,1397.0,236.0
219,Indonesia,Egypt [EG],13102.0,19948.0,20345.0,18075.0,21354.0,4337.0
220,Indonesia,El Salvador [SV],402016.99856527976,563143.713740458,405.0,262.0,306.0,48.0
221,Indonesia,Equatorial Guinea [GQ],402016.99856527976,563143.713740458,3.0,11.0,47.0,19.0
222,Indonesia,Eritrea [ER],402016.99856527976,563143.713740458,118.0,312.0,205.0,40.0
223,Indonesia,Estonia [EE],402016.99856527976,563143.713740458,7569.0,7719.0,6644.0,3099.0
224,Indonesia,Ethiopia [ET],402016.99856527976,563143.713740458,1276.0,528.0,577.0,108.0
225,Indonesia,Fiji [FJ],402016.99856527976,563143.713740458,1814.0,1158.0,1507.0,369.0
226,Indonesia,Finland [FI],19029.0,21031.0,24447.0,27127.0,22665.0,6376.0
227,Indonesia,France [FR],212575.0,256229.0,274117.0,287917.0,283814.0,43438.0
228,Indonesia,French Guiana [GF],402016.99856527976,563143.713740458,374040.91784037556,5.0,3.0,2.0
229,Indonesia,French Polynesia [PF],402016.99856527976,563143.713740458,83.0,412817.3321167883,442567.1172839506,76456.54567307692
230,Indonesia,FYR Macedonia [MK],402016.99856527976,563143.713740458,1384.0,1002.0,1145.0,217.0
231,Indonesia,Georgia [GE],402016.99856527976,563143.713740458,1265.0,631.0,768.0,327.0
232,Indonesia,Germany [DE],203611.0,243873.0,267823.0,274166.0,277653.0,46361.0
233,Indonesia,Ghana [GH],402016.99856527976,563143.713740458,1603.0,1373.0,1864.0,446.0
234,Indonesia,Greece [GR],402016.99856527976,563143.713740458,9896.0,7713.0,9712.0,2047.0
235,Indonesia,Grenada [GD],402016.99856527976,563143.713740458,63.0,112.0,89.0,28.0
236,Indonesia,Guadeloupe [GP],402016.99856527976,563143.713740458,3.0,412817.3321167883,442567.1172839506,1.0
237,Indonesia,Guatemala [GT],402016.99856527976,563143.713740458,574.0,467.0,503.0,67.0
238,Indonesia,Guinea [GN],402016.99856527976,563143.713740458,82.0,87.0,56.0,25.0
239,Indonesia,Guinea-Bissau [GW],402016.99856527976,563143.713740458,85.0,133.0,108.0,20.0
240,Indonesia,Guyana [GY],402016.99856527976,563143.713740458,112.0,77.0,88.0,17.0
241,Indonesia,Haiti [HT],402016.99856527976,563143.713740458,60.0,74.0,102.0,22.0
242,Indonesia,Holy See [VA],402016.99856527976,563143.713740458,30.0,36.0,35.0,5.0
243,Indonesia,Honduras [HN],402016.99856527976,563143.713740458,503.0,331.0,340.0,87.0
244,Indonesia,Hong Kong SAR [HK],94109.0,101369.0,98272.0,91182.0,50324.0,2625.0
245,Indonesia,Hungary [HU],402016.99856527976,563143.713740458,12600.0,13434.0,14218.0,3664.0
246,Indonesia,Iceland [IS],402016.99856527976,563143.713740458,4776.0,2445.0,2483.0,491.0
247,Indonesia,India [IN],319608.0,422045.0,536902.0,595636.0,657300.0,111724.0
248,Indonesia,Indonesia [ID],266211.0,563143.713740458,241831.0,704824.0,664645.0,151163.0
249,Indonesia,Iraq [IQ],402016.99856527976,563143.713740458,2167.0,2356.0,2933.0,817.0
250,Indonesia,Ireland [IE],402016.99856527976,563143.713740458,29400.0,28743.0,28602.0,5167.0
251,Indonesia,Islamic Republic of Iran [IR],402016.99856527976,563143.713740458,16301.0,11415.0,10440.0,1354.0
252,Indonesia,Israel [IL],402016.99856527976,563143.713740458,688.0,473.0,924.0,338.0
253,Indonesia,Italy [IT],69427.0,79424.0,90022.0,94288.0,91229.0,13260.0
254,Indonesia,Jamaica [JM],402016.99856527976,563143.713740458,662.0,423.0,558.0,112.0
255,Indonesia,Japan [JP],549705.0,545392.0,573310.0,530573.0,519623.0,92228.0
256,Indonesia,Jordan [JO],402016.99856527976,563143.713740458,6773.0,6228.0,6571.0,1027.0
257,Indonesia,Kazakhstan [KZ],402016.99856527976,563143.713740458,7219.0,7955.0,9781.0,3735.0
258,Indonesia,Kenya [KE],402016.99856527976,563143.713740458,3785.0,3020.0,2845.0,429.0
259,Indonesia,Kiribati [KI],402016.99856527976,563143.713740458,169.0,52.0,50.0,21.0
260,Indonesia,Korea [KR],387473.0,386789.0,423191.0,358885.0,388316.0,75562.0
261,Indonesia,Kuwait [KW],8320.0,6368.0,5760.0,5551.0,5762.0,846.0
262,Indonesia,Kyrgyz Republic [KG],402016.99856527976,563143.713740458,1254.0,1237.0,1332.0,609.0
263,Indonesia,Lao PDR [LA],2208.0,563143.713740458,4036.0,3809.0,4142.0,753.0
264,Indonesia,Latvia [LV],402016.99856527976,563143.713740458,3932.0,4213.0,5278.0,1860.0
265,Indonesia,Lebanon [LB],402016.99856527976,563143.713740458,6115.0,5228.0,6066.0,684.0
266,Indonesia,Lesotho [LS],402016.99856527976,563143.713740458,45.0,122.0,95.0,15.0
267,Indonesia,Liberia [LR],402016.99856527976,563143.713740458,103.0,65.0,93.0,68.0
268,Indonesia,Libya [LY],402016.99856527976,563143.713740458,1815.0,1911.0,2623.0,548.0
269,Indonesia,Liechtenstein [LI],402016.99856527976,563143.713740458,224.0,228.0,412.0,45.0
270,Indonesia,Lithuania [LT],402016.99856527976,563143.713740458,8550.0,8497.0,9180.0,3038.0
271,Indonesia,Luxembourg [LU],402016.99856527976,563143.713740458,1720.0,2062.0,1869.0,228.0
272,Indonesia,Macao SAR [MO],402016.99856527976,563143.713740458,618.0,309.0,401.0,121.0
273,Indonesia,Madagascar [MG],402016.99856527976,563143.713740458,470.0,555.0,492.0,102.0
274,Indonesia,Malawi [MW],402016.99856527976,563143.713740458,197.0,165.0,167.0,35.0
275,Indonesia,Malaysia [MY],1458593.0,1541197.0,2121888.0,2503344.0,2980753.0,980118.0
276,Indonesia,Maldives [MV],402016.99856527976,563143.713740458,2668.0,2559.0,2845.0,516.0
277,Indonesia,Mali [ML],402016.99856527976,563143.713740458,444.0,397.0,278.0,73.0
278,Indonesia,Malta [MT],402016.99856527976,563143.713740458,2173.0,1279.0,1355.0,238.0
279,Indonesia,Marshall Islands [MH],402016.99856527976,563143.713740458,25.0,46.0,27.0,7.0
280,Indonesia,Martinique [MQ],402016.99856527976,563143.713740458,374040.91784037556,6.0,1.0,76456.54567307692
281,Indonesia,Mauritania [MR],402016.99856527976,563143.713740458,197.0,192.0,158.0,41.0
282,Indonesia,Mauritius [MU],402016.99856527976,563143.713740458,3702.0,3953.0,4434.0,611.0
283,Indonesia,Mexico [MX],402016.99856527976,563143.713740458,11497.0,12418.0,13663.0,2375.0
284,Indonesia,Micronesia [FM],402016.99856527976,563143.713740458,5.0,42.0,11.0,1.0
285,Indonesia,Moldova [MD],402016.99856527976,563143.713740458,1030.0,835.0,1135.0,385.0
286,Indonesia,Monaco [MC],402016.99856527976,563143.713740458,266.0,134.0,92.0,28.0
287,Indonesia,Mongolia [MN],402016.99856527976,563143.713740458,2414.0,3679.0,4260.0,1483.0
288,Indonesia,Morocco [MA],402016.99856527976,563143.713740458,11122.0,7920.0,11371.0,1707.0
289,Indonesia,Mozambique [MZ],402016.99856527976,563143.713740458,411.0,422.0,507.0,153.0
290,Indonesia,Myanmar [MM],40635.0,44721.0,48133.0,28612.0,46381.0,12669.0
291,Indonesia,Namibia [NA],402016.99856527976,563143.713740458,459.0,534.0,598.0,116.0
292,Indonesia,Nauru [NR],402016.99856527976,563143.713740458,67.0,78.0,23.0,7.0
293,Indonesia,Nepal [NP],402016.99856527976,563143.713740458,12821.0,14968.0,18977.0,3916.0
294,Indonesia,Netherlands [NL],175317.0,200811.0,210426.0,209978.0,215287.0,53495.0
295,Indonesia,New Caledonia [NC],402016.99856527976,563143.713740458,3.0,412817.3321167883,2.0,76456.54567307692
296,Indonesia,New Zealand [NZ],87923.0,105393.0,106914.0,128366.0,149010.0,19947.0
297,Indonesia,Nicaragua [NI],402016.99856527976,563143.713740458,142.0,142.0,165.0,30.0
298,Indonesia,Niger [NE],402016.99856527976,563143.713740458,91.0,75.0,55.0,8.0
299,Indonesia,Nigeria [NG],402016.99856527976,563143.713740458,4197.0,4736.0,3262.0,471.0
300,Indonesia,Norway [NO],18842.0,19478.0,22838.0,24906.0,23886.0,5072.0
301,Indonesia,Occupied Palestinian Territory [PS],402016.99856527976,563143.713740458,2035.0,2604.0,3082.0,647.0
302,Indonesia,Oman [OM],402016.99856527976,563143.713740458,18615.0,25704.0,24051.0,3612.0
303,Indonesia,Others Unspecified Countries [O0],580132.0,709585.0,7455.0,6340.0,6573.0,1412.0
304,Indonesia,Pakistan [PK],7976.0,10098.0,11424.0,13448.0,14663.0,4110.0
305,Indonesia,Palau [PW],402016.99856527976,563143.713740458,18.0,69.0,690.0,2.0
306,Indonesia,Panama [PA],402016.99856527976,563143.713740458,572.0,526.0,522.0,106.0
307,Indonesia,Papua New Guinea [PG],402016.99856527976,563143.713740458,141299.0,142648.0,78433.0,20975.0
308,Indonesia,Paraguay [PY],402016.99856527976,563143.713740458,434.0,233.0,287.0,57.0
309,Indonesia,Peru [PE],402016.99856527976,563143.713740458,2676.0,2614.0,2848.0,594.0
310,Indonesia,Philippines [PH],273630.0,298910.0,308977.0,217874.0,260980.0,50413.0
311,Indonesia,Poland [PL],402016.99856527976,563143.713740458,32704.0,31471.0,41637.0,9055.0
312,Indonesia,Portugal [PT],22206.0,29286.0,33223.0,36804.0,35434.0,6245.0
313,Indonesia,Puerto Rico [PR],402016.99856527976,563143.713740458,374040.91784037556,412817.3321167883,5.0,1.0
314,Indonesia,Qatar [QA],1608.0,1856.0,1859.0,2104.0,1989.0,225.0
315,Indonesia,Republic of Congo [CG],402016.99856527976,563143.713740458,374040.91784037556,42.0,82.0,7.0
316,Indonesia,Romania [RO],402016.99856527976,563143.713740458,18787.0,14092.0,18650.0,4320.0
317,Indonesia,Russia [RU],72707.0,88520.0,117532.0,125728.0,158943.0,67491.0
318,Indonesia,Rwanda [RW],402016.99856527976,563143.713740458,417.0,153.0,151.0,33.0
319,Indonesia,Samoa [WS],402016.99856527976,563143.713740458,102.0,12.0,17.0,26.0
320,Indonesia,San Marino [SM],402016.99856527976,563143.713740458,57.0,57.0,40.0,16.0
321,Indonesia,São Tomé and Príncipe [ST],402016.99856527976,563143.713740458,9.0,19.0,27.0,6.0
322,Indonesia,Saudi Arabia [SA],164778.0,197681.0,182086.0,165912.0,157512.0,31906.0
323,Indonesia,Senegal [SN],402016.99856527976,563143.713740458,690.0,1002.0,686.0,133.0
324,Indonesia,Serbia and Montenegro [ZB],402016.99856527976,563143.713740458,7054.0,4226.0,5848.0,1404.0
325,Indonesia,Seychelles [SC],402016.99856527976,563143.713740458,451.0,265.0,353.0,72.0
326,Indonesia,Sierra Leone [SL],402016.99856527976,563143.713740458,593.0,431.0,312.0,74.0
327,Indonesia,Singapore [SG],1624058.0,1515699.0,1554119.0,1768744.0,1934445.0,280492.0
328,Indonesia,Slovak Republic [SK],402016.99856527976,563143.713740458,9264.0,9058.0,9359.0,2203.0
329,Indonesia,Slovenia [SI],402016.99856527976,563143.713740458,5264.0,4472.0,4747.0,986.0
330,Indonesia,Solomon Islands [SB],402016.99856527976,563143.713740458,160.0,192.0,224.0,81.0
331,Indonesia,South Africa [ZA],23052.0,29229.0,38073.0,41962.0,47657.0,7350.0
332,Indonesia,Spain [ES],53891.0,68840.0,81690.0,85560.0,83373.0,11829.0
333,Indonesia,Sri Lanka [LK],11496.0,24256.0,35669.0,32508.0,28907.0,4300.0
334,Indonesia,St. Kitts and Nevis [KN],402016.99856527976,563143.713740458,189.0,175.0,243.0,57.0
335,Indonesia,St. Lucia [LC],402016.99856527976,563143.713740458,73.0,87.0,38.0,11.0
336,Indonesia,St. Vincent and the Grenadines [VC],402016.99856527976,563143.713740458,20.0,37.0,32.0,12.0
337,Indonesia,Sudan [SD],402016.99856527976,563143.713740458,2571.0,2578.0,2391.0,718.0
338,Indonesia,Suriname [SR],402016.99856527976,563143.713740458,325.0,341.0,353.0,48.0
339,Indonesia,Swaziland [SZ],402016.99856527976,563143.713740458,411.0,332.0,274.0,33.0
340,Indonesia,Sweden [SE],37988.0,45934.0,51417.0,50381.0,56402.0,17600.0
341,Indonesia,Switzerland [CH],52309.0,56700.0,61191.0,60293.0,57484.0,8362.0
342,Indonesia,Syria [SY],402016.99856527976,563143.713740458,2328.0,1941.0,2322.0,428.0
343,Indonesia,Taiwan Province of China [TW],227912.0,252849.0,264278.0,208317.0,207490.0,35680.0
344,Indonesia,Tajikistan [TJ],402016.99856527976,563143.713740458,350.0,525.0,448.0,125.0
345,Indonesia,Thailand [TH],120879.0,124569.0,138235.0,124153.0,136699.0,21303.0
346,Indonesia,The Bahamas [BS],402016.99856527976,563143.713740458,168.0,114.0,172.0,18.0
347,Indonesia,The Gambia [GM],402016.99856527976,563143.713740458,256.0,344.0,299.0,57.0
348,Indonesia,Timor-Leste [TL],402016.99856527976,563143.713740458,960026.0,1762442.0,1178381.0,994590.0
349,Indonesia,Togo [TG],402016.99856527976,563143.713740458,132.0,94.0,140.0,19.0
350,Indonesia,Tonga [TO],402016.99856527976,563143.713740458,140.0,139.0,138.0,23.0
351,Indonesia,Trinidad and Tobago [TT],402016.99856527976,563143.713740458,608.0,447.0,450.0,80.0
352,Indonesia,Tunisia [TN],402016.99856527976,563143.713740458,6922.0,3867.0,4335.0,645.0
353,Indonesia,Turkey [TR],402016.99856527976,563143.713740458,34433.0,20861.0,23883.0,6038.0
354,Indonesia,Turkmenistan [TM],402016.99856527976,563143.713740458,233.0,426.0,356.0,127.0
355,Indonesia,Tuvalu [TV],402016.99856527976,563143.713740458,23.0,28.0,18.0,6.0
356,Indonesia,Ukraine [UA],402016.99856527976,563143.713740458,32964.0,26697.0,35537.0,16491.0
357,Indonesia,United Arab Emirates [AE],10325.0,9016.0,8387.0,7100.0,9065.0,1093.0
358,Indonesia,United Kingdom [GB],292745.0,352017.0,378131.0,392112.0,397684.0,69997.0
359,Indonesia,United States [US],276027.0,316782.0,344766.0,387856.0,457832.0,91782.0
360,Indonesia,Uruguay [UY],402016.99856527976,563143.713740458,1578.0,1934.0,2063.0,845.0
361,Indonesia,Uzbekistan [UZ],402016.99856527976,563143.713740458,4057.0,3548.0,3756.0,1586.0
362,Indonesia,Vanuatu [VU],402016.99856527976,563143.713740458,185.0,130.0,191.0,29.0
363,Indonesia,Venezuela [VE],402016.99856527976,563143.713740458,2388.0,1602.0,1548.0,300.0
364,Indonesia,Viet Nam [VN],50165.0,60984.0,77466.0,75816.0,96024.0,19608.0
365,Indonesia,Western Sahara [EH],402016.99856527976,563143.713740458,374040.91784037556,412817.3321167883,2.0,76456.54567307692
366,Indonesia,Yemen [YE],8838.0,9478.0,8453.0,10008.0,9221.0,2094.0
367,Lao PDR,Total Intra-ASEAN,3588538.0,3083383.0,2747096.0,2886844.0,3198829.0,555519.0
368,Lao PDR,Total Country (World),4684429.0,4239047.0,3868838.0,4186432.0,4791065.0,886447.0
369,Lao PDR,Total EU-27,132369.0,136579.0,94592.0,101601.0,110459.0,37911.0
370,Lao PDR,Total EU-28,173877.0,175749.0,122315.0,128402.0,142435.0,76456.54567307692
371,Lao PDR,Australia [AU],34665.0,33077.0,20886.0,19607.0,24750.0,7271.0
372,Lao PDR,Austria [AT],3910.0,5324.0,2874.0,3237.0,3320.0,1250.0
373,Lao PDR,Belgium [BE],5289.0,5682.0,4371.0,5322.0,6099.0,1970.0
374,Lao PDR,Brunei Darussalam [BN],865.0,484.0,342.0,278.0,389.0,103.0
375,Lao PDR,Cambodia [KH],20625.0,16536.0,15108.0,18908.0,28342.0,5012.0
376,Lao PDR,Canada [CA],19785.0,19315.0,13467.0,10759.0,12873.0,4638.0
377,Lao PDR,China [CN],511436.0,545493.0,639185.0,805833.0,1022727.0,138466.0
378,Lao PDR,Denmark [DK],4491.0,4479.0,3198.0,3892.0,3134.0,1591.0
379,Lao PDR,Finland [FI],3013.0,3218.0,2023.0,2287.0,1719.0,780.0
380,Lao PDR,France [FR],55151.0,54953.0,36760.0,39315.0,44416.0,15509.0
381,Lao PDR,Germany [DE],31897.0,34018.0,23776.0,22915.0,25346.0,8632.0
382,Lao PDR,Greece [GR],878.0,593.0,481.0,520.0,586.0,246.0
383,Lao PDR,India [IN],5492.0,8249.0,4343.0,4864.0,8152.0,1743.0
384,Lao PDR,Indonesia [ID],6019.0,5010.0,3241.0,3487.0,5161.0,1217.0
385,Lao PDR,Israel [IL],4163.0,3593.0,2128.0,2997.0,4041.0,1664.0
386,Lao PDR,Italy [IT],8990.0,10052.0,7537.0,6198.0,7330.0,2751.0
387,Lao PDR,Japan [JP],43826.0,49191.0,32064.0,38985.0,41736.0,11085.0
388,Lao PDR,Korea [KR],165328.0,173260.0,170571.0,174405.0,203191.0,40210.0
389,Lao PDR,Malaysia [MY],24095.0,24391.0,19114.0,26002.0,28321.0,5800.0
390,Lao PDR,Myanmar [MM],2661.0,3695.0,2848.0,22132.0,22524.0,1417.0
391,Lao PDR,Netherlands [NL],8429.0,7004.0,5500.0,7804.0,8877.0,2287.0
392,Lao PDR,New Zealand [NZ],4798.0,4787.0,3202.0,3460.0,3965.0,1226.0
393,Lao PDR,Norway [NO],3499.0,4018.0,2334.0,2913.0,2248.0,874.0
394,Lao PDR,Others Unspecified Countries [O0],37524.0,43197.0,49211.0,34650.0,37412.0,48353.0
395,Lao PDR,Philippines [PH],16709.0,16750.0,10168.0,10826.0,17187.0,3679.0
396,Lao PDR,Russia [RU],12532.0,13033.0,10986.0,8963.0,12054.0,3144.0
397,Lao PDR,Singapore [SG],8258.0,8512.0,6829.0,7692.0,11730.0,2008.0
398,Lao PDR,Spain [ES],4856.0,5461.0,4589.0,5309.0,6157.0,1476.0
399,Lao PDR,Sweden [SE],5465.0,5795.0,3483.0,4802.0,3475.0,1419.0
400,Lao PDR,Switzerland [CH],9777.0,10603.0,7956.0,9749.0,8512.0,2921.0
401,Lao PDR,Taiwan Province of China [TW],6131.0,14005.0,4329.0,4823.0,6956.0,1714.0
402,Lao PDR,Thailand [TH],2321352.0,2009605.0,1797803.0,1929934.0,2160300.0,350103.0
403,Lao PDR,United Kingdom [GB],41508.0,39170.0,27723.0,26801.0,31976.0,11592.0
404,Lao PDR,United States [US],63058.0,58094.0,38765.0,49178.0,61184.0,18116.0
405,Lao PDR,Viet Nam [VN],1187954.0,998400.0,891643.0,867585.0,924875.0,186180.0
406,Malaysia,Total Intra-ASEAN,19146514.0,20271144.0,19478575.0,18114446.0,17880151.0,2949363.0
407,Malaysia,Total Country (World),25721251.0,26757392.0,25948459.0,25832354.0,26100784.0,4332722.0
408,Malaysia,Total EU-27,585835.0,514230.0,552155.0,565182.0,573035.0,131865.0
409,Malaysia,Total EU-28,986854.0,914499.0,910973.0,926517.0,919520.0,76456.54567307692
410,Malaysia,Argentina [AR],402016.99856527976,563143.713740458,12667.0,412817.3321167883,442567.1172839506,2388.0
411,Malaysia,Australia [AU],486948.0,377727.0,351232.0,351500.0,368271.0,72680.0
412,Malaysia,Austria [AT],402016.99856527976,563143.713740458,10366.0,412817.3321167883,442567.1172839506,3289.0
413,Malaysia,Azerbaijan [AZ],402016.99856527976,563143.713740458,1035.0,412817.3321167883,442567.1172839506,278.0
414,Malaysia,Bangladesh [BD],147152.0,563143.713740458,111836.0,150054.0,179000.0,17634.0
415,Malaysia,Belgium [BE],18789.0,14283.0,17327.0,20624.0,22082.0,3734.0
416,Malaysia,Brazil [BR],13114.0,563143.713740458,9657.0,412817.3321167883,442567.1172839506,3236.0
417,Malaysia,Brunei Darussalam [BN],1133555.0,1391016.0,1660506.0,1382031.0,1216123.0,136020.0
418,Malaysia,Cambodia [KH],75059.0,61844.0,42004.0,90113.0,97097.0,16548.0
419,Malaysia,Canada [CA],79557.0,72337.0,67056.0,84705.0,87568.0,16631.0
420,Malaysia,China [CN],1677163.0,2124942.0,2281666.0,2944133.0,3114257.0,405149.0
421,Malaysia,Czech Republic [CZ],402016.99856527976,563143.713740458,10768.0,412817.3321167883,442567.1172839506,4409.0
422,Malaysia,Denmark [DK],24113.0,21612.0,23219.0,23566.0,22314.0,6061.0
423,Malaysia,Egypt [EG],25637.0,30231.0,23760.0,27909.0,29831.0,6204.0
424,Malaysia,Finland [FI],14995.0,563143.713740458,6794.0,412817.3321167883,442567.1172839506,6320.0
425,Malaysia,France [FR],151474.0,134257.0,131668.0,139408.0,141661.0,28237.0
426,Malaysia,Germany [DE],144910.0,130276.0,109816.0,128895.0,130221.0,27458.0
427,Malaysia,India [IN],722141.0,563143.713740458,552739.0,600311.0,735309.0,155883.0
428,Malaysia,Indonesia [ID],2788033.0,3049964.0,2796570.0,3277689.0,3623277.0,711723.0
429,Malaysia,Iraq [IQ],20098.0,563143.713740458,18555.0,22291.0,21421.0,3628.0
430,Malaysia,Ireland [IE],22746.0,18208.0,20854.0,19687.0,19696.0,3735.0
431,Malaysia,Islamic Republic of Iran [IR],65066.0,563143.713740458,59023.0,67094.0,46559.0,7078.0
432,Malaysia,Italy [IT],51946.0,42747.0,44638.0,52055.0,54710.0,8971.0
433,Malaysia,Japan [JP],483569.0,413768.0,392777.0,394540.0,424694.0,74383.0
434,Malaysia,Kazakhstan [KZ],15410.0,563143.713740458,12577.0,13861.0,18138.0,6065.0
435,Malaysia,Kenya [KE],402016.99856527976,563143.713740458,4449.0,412817.3321167883,442567.1172839506,941.0
436,Malaysia,Korea [KR],421161.0,444439.0,484528.0,616783.0,673065.0,119750.0
437,Malaysia,Kuwait [KW],15871.0,13562.0,9247.0,412817.3321167883,442567.1172839506,1464.0
438,Malaysia,Lao PDR [LA],24448.0,31061.0,39460.0,23782.0,26955.0,5424.0
439,Malaysia,Luxembourg [LU],402016.99856527976,563143.713740458,700.0,412817.3321167883,442567.1172839506,123.0
440,Malaysia,Mauritius [MU],402016.99856527976,563143.713740458,17227.0,412817.3321167883,442567.1172839506,2179.0
441,Malaysia,Mexico [MX],402016.99856527976,563143.713740458,6344.0,412817.3321167883,442567.1172839506,1288.0
442,Malaysia,Morocco [MA],402016.99856527976,563143.713740458,1343.0,412817.3321167883,442567.1172839506,2069.0
443,Malaysia,Myanmar [MM],66553.0,49175.0,42314.0,38513.0,46257.0,9745.0
444,Malaysia,Namibia [NA],402016.99856527976,563143.713740458,266.0,412817.3321167883,442567.1172839506,56.0
445,Malaysia,Nepal [NP],93159.0,563143.713740458,20553.0,19914.0,20437.0,5067.0
446,Malaysia,Netherlands [NL],84584.0,72200.0,75885.0,81651.0,82110.0,14486.0
447,Malaysia,New Zealand [NZ],60846.0,53352.0,55923.0,50698.0,50140.0,8794.0
448,Malaysia,Nicaragua [NI],402016.99856527976,563143.713740458,48.0,412817.3321167883,442567.1172839506,17.0
449,Malaysia,Nigeria [NG],402016.99856527976,563143.713740458,8378.0,412817.3321167883,442567.1172839506,1878.0
450,Malaysia,Norway [NO],18622.0,14709.0,14121.0,15202.0,14585.0,3552.0
451,Malaysia,Oman [OM],31934.0,23770.0,16282.0,412817.3321167883,442567.1172839506,3264.0
452,Malaysia,Others Unspecified Countries [O0],320900.0,1223374.0,130433.0,420230.0,440935.0,50108.0
453,Malaysia,Pakistan [PK],69112.0,563143.713740458,53453.0,74458.0,105757.0,17777.0
454,Malaysia,Panama [PA],402016.99856527976,563143.713740458,155.0,412817.3321167883,442567.1172839506,142.0
455,Malaysia,Paraguay [PY],402016.99856527976,563143.713740458,145.0,412817.3321167883,442567.1172839506,25.0
456,Malaysia,Philippines [PH],554917.0,417446.0,370559.0,396062.0,421908.0,66051.0
457,Malaysia,Poland [PL],402016.99856527976,19768.0,20067.0,24364.0,27033.0,7539.0
458,Malaysia,Portugal [PT],402016.99856527976,563143.713740458,10600.0,412817.3321167883,442567.1172839506,1844.0
459,Malaysia,Qatar [QA],402016.99856527976,563143.713740458,2263.0,412817.3321167883,442567.1172839506,227.0
460,Malaysia,Russia [RU],55263.0,50893.0,67564.0,72785.0,79984.0,28694.0
461,Malaysia,Saudi Arabia [SA],99754.0,123878.0,100549.0,112263.0,121444.0,23390.0
462,Malaysia,Singapore [SG],12930754.0,13272961.0,12441713.0,10615986.0,10163882.0,1545255.0
463,Malaysia,South Africa [ZA],20625.0,20053.0,21560.0,21977.0,22674.0,3876.0
464,Malaysia,Spain [ES],36692.0,28018.0,35149.0,42267.0,43616.0,6367.0
465,Malaysia,Sri Lanka [LK],51337.0,563143.713740458,43738.0,28376.0,26058.0,8142.0
466,Malaysia,Sudan [SD],13147.0,563143.713740458,5494.0,412817.3321167883,442567.1172839506,2788.0
467,Malaysia,Sweden [SE],35586.0,32861.0,34304.0,32665.0,29592.0,9292.0
468,Malaysia,Switzerland [CH],28141.0,26628.0,20775.0,25680.0,25659.0,5263.0
469,Malaysia,Syria [SY],402016.99856527976,563143.713740458,6037.0,412817.3321167883,442567.1172839506,2098.0
470,Malaysia,Taiwan Province of China [TW],283224.0,300861.0,332927.0,383922.0,382916.0,60090.0
471,Malaysia,Thailand [TH],1343569.0,1780800.0,1836522.0,1914692.0,1884306.0,394413.0
472,Malaysia,Tunisia [TN],402016.99856527976,563143.713740458,4431.0,412817.3321167883,442567.1172839506,786.0
473,Malaysia,Turkey [TR],15395.0,13029.0,14594.0,15406.0,15290.0,3152.0
474,Malaysia,Ukraine [UA],402016.99856527976,12971.0,13068.0,14529.0,16019.0,6326.0
475,Malaysia,United Arab Emirates [AE],15769.0,14150.0,8555.0,9386.0,11174.0,679.0
476,Malaysia,United Kingdom [GB],401019.0,400269.0,358818.0,361335.0,346485.0,63868.0
477,Malaysia,United States [US],237768.0,217075.0,198203.0,253384.0,269928.0,48810.0
478,Malaysia,Uzbekistan [UZ],402016.99856527976,563143.713740458,1257.0,412817.3321167883,442567.1172839506,3444.0
479,Malaysia,Venezuela [VE],402016.99856527976,563143.713740458,421.0,412817.3321167883,442567.1172839506,253.0
480,Malaysia,Viet Nam [VN],229626.0,216877.0,248927.0,375578.0,400346.0,64184.0
481,Myanmar,Total Intra-ASEAN,1762886.0,402862.0,1730435.0,1918268.0,2123313.0,493581.0
482,Myanmar,Total Country (World),4681020.0,2907207.0,3443133.0,3549428.0,4364101.0,903343.0
483,Myanmar,Total EU-27,156453.0,148672.0,184768.0,143225.0,148213.0,46848.0
484,Myanmar,Total EU-28,201573.0,199723.0,232485.0,179588.0,182298.0,76456.54567307692
485,Myanmar,Afghanistan [AF],24.0,563143.713740458,128.0,76.0,27.0,29.0
486,Myanmar,Albania [AL],39.0,563143.713740458,56.0,98.0,89.0,13.0
487,Myanmar,Algeria [DZ],43.0,563143.713740458,55.0,28.0,35.0,22.0
488,Myanmar,Andorra [AD],12.0,563143.713740458,374040.91784037556,18.0,35.0,5.0
489,Myanmar,Angola [AO],9.0,563143.713740458,26.0,9.0,10.0,1.0
490,Myanmar,Antigua and Barbuda [AG],11.0,563143.713740458,50.0,412817.3321167883,6.0,1.0
491,Myanmar,Argentina [AR],983.0,563143.713740458,1646.0,1351.0,1052.0,415.0
492,Myanmar,Armenia [AM],50.0,563143.713740458,905.0,102.0,92.0,22.0
493,Myanmar,Australia [AU],30820.0,34010.0,32628.0,27962.0,25867.0,5952.0
494,Myanmar,Austria [AT],4398.0,4857.0,4690.0,3405.0,3729.0,1658.0
495,Myanmar,Azerbaijan [AZ],82.0,563143.713740458,62.0,174.0,95.0,32.0
496,Myanmar,Bahrain [BH],12.0,563143.713740458,374040.91784037556,64.0,35.0,76456.54567307692
497,Myanmar,Bangladesh [BD],4237.0,563143.713740458,4602.0,4195.0,4289.0,1079.0
498,Myanmar,Belarus [BY],183.0,563143.713740458,289.0,258.0,322.0,98.0
499,Myanmar,Belgium [BE],6666.0,7783.0,7628.0,6087.0,5733.0,1972.0
500,Myanmar,Belize [BZ],18.0,563143.713740458,374040.91784037556,26.0,147.0,19.0
501,Myanmar,Benin [BJ],4.0,563143.713740458,99.0,2.0,5.0,76456.54567307692
502,Myanmar,Bhutan [BT],136.0,563143.713740458,174.0,154.0,226.0,45.0
503,Myanmar,Bolivia [BO],92.0,563143.713740458,140.0,144.0,90.0,14.0
504,Myanmar,Bosnia and Herzegovina [BA],65.0,563143.713740458,69.0,65.0,78.0,14.0
505,Myanmar,Botswana [BW],12.0,563143.713740458,12.0,3.0,7.0,76456.54567307692
506,Myanmar,Brazil [BR],2396.0,563143.713740458,3316.0,2594.0,2359.0,780.0
507,Myanmar,Brunei Darussalam [BN],461.0,563143.713740458,632.0,532.0,454.0,77.0
508,Myanmar,Bulgaria [BG],487.0,563143.713740458,435.0,430.0,498.0,171.0
509,Myanmar,Burkina Faso [BF],5.0,563143.713740458,10.0,16.0,4.0,4.0
510,Myanmar,Burundi [BI],4.0,563143.713740458,374040.91784037556,412817.3321167883,16.0,2.0
511,Myanmar,Cabo Verde [CV],4.0,563143.713740458,374040.91784037556,412817.3321167883,4.0,2.0
512,Myanmar,Cambodia [KH],5033.0,563143.713740458,5531.0,6457.0,7879.0,1802.0
513,Myanmar,Cameroon [CM],62.0,563143.713740458,118.0,60.0,72.0,15.0
514,Myanmar,Canada [CA],14051.0,15024.0,14068.0,11065.0,11060.0,2735.0
515,Myanmar,Central African Republic [CF],402016.99856527976,563143.713740458,374040.91784037556,412817.3321167883,5.0,76456.54567307692
516,Myanmar,Chad [TD],284.0,563143.713740458,374040.91784037556,412817.3321167883,442567.1172839506,76456.54567307692
517,Myanmar,Chile [CL],1747.0,563143.713740458,2001.0,1671.0,1350.0,436.0
518,Myanmar,China [CN],2102677.0,183886.0,996916.0,963190.0,1463054.0,230375.0
519,Myanmar,Colombia [CO],726.0,563143.713740458,1279.0,1157.0,1117.0,284.0
520,Myanmar,Comoros [KM],2.0,563143.713740458,374040.91784037556,412817.3321167883,442567.1172839506,76456.54567307692
521,Myanmar,Costa Rica [CR],134.0,563143.713740458,173.0,177.0,196.0,40.0
522,Myanmar,Côte d'Ivoire [CI],46.0,563143.713740458,51.0,59.0,91.0,23.0
523,Myanmar,Croatia [HR],419.0,563143.713740458,321.0,150.0,239.0,136.0
524,Myanmar,Cuba [CU],31.0,563143.713740458,40.0,412817.3321167883,34.0,10.0
525,Myanmar,Cyprus [CY],70.0,563143.713740458,104.0,88.0,116.0,13.0
526,Myanmar,Czech Republic [CZ],1163.0,563143.713740458,2384.0,2203.0,2074.0,901.0
527,Myanmar,Democratic People's Republic of Korea [KP],66.0,563143.713740458,798.0,1851.0,100.0,11.0
528,Myanmar,Democratic Republic of the Congo [CD],402016.99856527976,563143.713740458,30.0,21.0,28.0,7.0
529,Myanmar,Denmark [DK],4898.0,563143.713740458,4602.0,3977.0,3674.0,1198.0
530,Myanmar,Djibouti [DJ],402016.99856527976,563143.713740458,4.0,5.0,442567.1172839506,76456.54567307692
531,Myanmar,Dominica [DM],5.0,563143.713740458,374040.91784037556,2.0,17.0,8.0
532,Myanmar,Dominican Republic [DO],31.0,563143.713740458,57.0,33.0,21.0,4.0
533,Myanmar,Ecuador [EC],136.0,563143.713740458,174.0,144.0,170.0,23.0
534,Myanmar,Egypt [EG],306.0,563143.713740458,235.0,124.0,299.0,83.0
535,Myanmar,El Salvador [SV],38.0,563143.713740458,25.0,57.0,55.0,3.0
536,Myanmar,Equatorial Guinea [GQ],402016.99856527976,563143.713740458,3.0,2.0,1.0,76456.54567307692
537,Myanmar,Eritrea [ER],5.0,563143.713740458,374040.91784037556,1.0,442567.1172839506,76456.54567307692
538,Myanmar,Estonia [EE],415.0,563143.713740458,441.0,239.0,335.0,154.0
539,Myanmar,Ethiopia [ET],53.0,563143.713740458,144.0,53.0,97.0,41.0
540,Myanmar,Faeroe Islands [FO],1.0,563143.713740458,374040.91784037556,412817.3321167883,442567.1172839506,76456.54567307692
541,Myanmar,Fiji [FJ],128.0,563143.713740458,102.0,76.0,90.0,14.0
542,Myanmar,Finland [FI],2011.0,563143.713740458,2081.0,1593.0,1700.0,518.0
543,Myanmar,France [FR],47435.0,52304.0,58369.0,43218.0,42608.0,15520.0
544,Myanmar,FYR Macedonia [MK],51.0,563143.713740458,48.0,412817.3321167883,26.0,9.0
545,Myanmar,Georgia [GE],62.0,563143.713740458,62.0,65.0,86.0,25.0
546,Myanmar,Germany [DE],35727.0,39044.0,39952.0,28838.0,29447.0,9052.0
547,Myanmar,Ghana [GH],82.0,563143.713740458,181.0,73.0,157.0,30.0
548,Myanmar,Gibraltar [GI],5.0,563143.713740458,374040.91784037556,412817.3321167883,442567.1172839506,76456.54567307692
549,Myanmar,Greece [GR],591.0,563143.713740458,654.0,564.0,588.0,152.0
550,Myanmar,Grenada [GD],6.0,563143.713740458,374040.91784037556,412817.3321167883,442567.1172839506,76456.54567307692
551,Myanmar,Guadeloupe [GP],2.0,563143.713740458,374040.91784037556,412817.3321167883,442567.1172839506,76456.54567307692
552,Myanmar,Guatemala [GT],85.0,563143.713740458,108.0,115.0,107.0,20.0
553,Myanmar,Guinea [GN],37.0,563143.713740458,374040.91784037556,412817.3321167883,3.0,2.0
554,Myanmar,Guinea-Bissau [GW],2.0,563143.713740458,164.0,23.0,19.0,76456.54567307692
555,Myanmar,Guyana [GY],7.0,563143.713740458,8.0,28.0,442567.1172839506,1.0
556,Myanmar,Haiti [HT],22.0,563143.713740458,16.0,2.0,5.0,1.0
557,Myanmar,Holy See [VA],2.0,563143.713740458,33.0,6.0,442567.1172839506,76456.54567307692
558,Myanmar,Honduras [HN],61.0,563143.713740458,51.0,27.0,16.0,3.0
559,Myanmar,Hong Kong SAR [HK],2913.0,563143.713740458,392.0,7183.0,32005.0,4393.0
560,Myanmar,Hungary [HU],868.0,563143.713740458,1016.0,892.0,1180.0,406.0
561,Myanmar,Iceland [IS],152.0,563143.713740458,154.0,110.0,81.0,53.0
562,Myanmar,India [IN],59692.0,38537.0,86907.0,102702.0,117317.0,24831.0
563,Myanmar,Indonesia [ID],14683.0,563143.713740458,11517.0,12898.0,15558.0,3653.0
564,Myanmar,Iraq [IQ],9.0,563143.713740458,17.0,27.0,19.0,9.0
565,Myanmar,Ireland [IE],2907.0,563143.713740458,3030.0,2173.0,2054.0,508.0
566,Myanmar,Islamic Republic of Iran [IR],273.0,563143.713740458,157.0,231.0,146.0,41.0
567,Myanmar,Israel [IL],2814.0,563143.713740458,3942.0,3535.0,3814.0,1350.0
568,Myanmar,Italy [IT],14841.0,17969.0,18242.0,16855.0,19121.0,5794.0
569,Myanmar,Jamaica [JM],95.0,563143.713740458,75.0,71.0,62.0,11.0
570,Myanmar,Japan [JP],90312.0,100784.0,101484.0,104376.0,125706.0,26100.0
571,Myanmar,Jordan [JO],137.0,563143.713740458,140.0,124.0,122.0,24.0
572,Myanmar,Kazakhstan [KZ],272.0,563143.713740458,288.0,322.0,315.0,89.0
573,Myanmar,Kenya [KE],193.0,563143.713740458,270.0,147.0,307.0,99.0
574,Myanmar,Korea [KR],63715.0,64397.0,65829.0,71218.0,111794.0,19363.0
575,Myanmar,Kuwait [KW],57.0,563143.713740458,76.0,84.0,103.0,17.0
576,Myanmar,Kyrgyz Republic [KG],87.0,563143.713740458,117.0,73.0,80.0,27.0
577,Myanmar,Lao PDR [LA],2295.0,563143.713740458,2308.0,2665.0,2783.0,505.0
578,Myanmar,Latvia [LV],208.0,563143.713740458,215.0,412817.3321167883,196.0,74.0
579,Myanmar,Lebanon [LB],228.0,563143.713740458,208.0,227.0,192.0,53.0
580,Myanmar,Lesotho [LS],7.0,563143.713740458,374040.91784037556,412817.3321167883,2.0,1.0
581,Myanmar,Liberia [LR],53.0,563143.713740458,59.0,31.0,71.0,18.0
582,Myanmar,Libya [LY],1.0,563143.713740458,374040.91784037556,412817.3321167883,7.0,1.0
583,Myanmar,Liechtenstein [LI],23.0,563143.713740458,24.0,412817.3321167883,6.0,3.0
584,Myanmar,Lithuania [LT],554.0,563143.713740458,649.0,346.0,500.0,316.0
585,Myanmar,Luxembourg [LU],345.0,563143.713740458,327.0,286.0,257.0,85.0
586,Myanmar,Macao SAR [MO],249.0,563143.713740458,24.0,855.0,3352.0,388.0
587,Myanmar,Madagascar [MG],40.0,563143.713740458,50.0,47.0,27.0,7.0
588,Myanmar,Malawi [MW],18.0,563143.713740458,47.0,38.0,61.0,2.0
589,Myanmar,Malaysia [MY],40852.0,43931.0,47010.0,47632.0,44203.0,8497.0
590,Myanmar,Maldives [MV],81.0,563143.713740458,29.0,30.0,36.0,6.0
591,Myanmar,Mali [ML],8.0,563143.713740458,374040.91784037556,2.0,10.0,76456.54567307692
592,Myanmar,Malta [MT],118.0,563143.713740458,178.0,88.0,118.0,47.0
593,Myanmar,Marshall Islands [MH],402016.99856527976,563143.713740458,11.0,17.0,12.0,7.0
594,Myanmar,Mauritania [MR],13.0,563143.713740458,374040.91784037556,412817.3321167883,1.0,76456.54567307692
595,Myanmar,Mauritius [MU],198.0,563143.713740458,197.0,81.0,125.0,17.0
596,Myanmar,Mexico [MX],2111.0,563143.713740458,2582.0,2375.0,2563.0,433.0
597,Myanmar,Moldova [MD],22.0,563143.713740458,15.0,412817.3321167883,17.0,76456.54567307692
598,Myanmar,Monaco [MC],44.0,563143.713740458,33.0,18.0,24.0,6.0
599,Myanmar,Mongolia [MN],191.0,563143.713740458,328.0,384.0,483.0,97.0
600,Myanmar,Morocco [MA],79.0,563143.713740458,120.0,100.0,146.0,31.0
601,Myanmar,Mozambique [MZ],4.0,563143.713740458,61.0,21.0,13.0,5.0
602,Myanmar,Namibia [NA],8.0,563143.713740458,25.0,18.0,33.0,5.0
603,Myanmar,Nauru [NR],402016.99856527976,563143.713740458,374040.91784037556,412817.3321167883,2.0,76456.54567307692
604,Myanmar,Nepal [NP],1496.0,563143.713740458,2205.0,2487.0,3609.0,716.0
605,Myanmar,Netherlands [NL],12174.0,13950.0,13514.0,9428.0,9600.0,2648.0
606,Myanmar,New Zealand [NZ],4547.0,5026.0,4808.0,4285.0,4000.0,822.0
607,Myanmar,Nicaragua [NI],42.0,563143.713740458,42.0,54.0,56.0,11.0
608,Myanmar,Niger [NE],47.0,563143.713740458,374040.91784037556,412817.3321167883,90.0,1.0
609,Myanmar,Nigeria [NG],315.0,563143.713740458,493.0,323.0,581.0,212.0
610,Myanmar,Norway [NO],4428.0,563143.713740458,4414.0,3312.0,3200.0,840.0
611,Myanmar,Occupied Palestinian Territory [PS],10.0,563143.713740458,56.0,5.0,15.0,76456.54567307692
612,Myanmar,Oman [OM],9.0,563143.713740458,14.0,18.0,20.0,9.0
613,Myanmar,Others Unspecified Countries [O0],192641.0,1730954.0,459.0,3946.0,402.0,76456.54567307692
614,Myanmar,Pakistan [PK],1647.0,563143.713740458,2101.0,1528.0,1620.0,334.0
615,Myanmar,Palau [PW],1.0,563143.713740458,374040.91784037556,412817.3321167883,442567.1172839506,76456.54567307692
616,Myanmar,Panama [PA],48.0,563143.713740458,56.0,48.0,55.0,16.0
617,Myanmar,Papua New Guinea [PG],20.0,563143.713740458,44.0,20.0,32.0,6.0
618,Myanmar,Paraguay [PY],26.0,563143.713740458,51.0,14.0,2.0,4.0
619,Myanmar,Peru [PE],275.0,563143.713740458,316.0,310.0,338.0,83.0
620,Myanmar,Philippines [PH],19075.0,16421.0,18143.0,16748.0,17398.0,3311.0
621,Myanmar,Poland [PL],3223.0,563143.713740458,4189.0,3840.0,3843.0,1420.0
622,Myanmar,Portugal [PT],1690.0,563143.713740458,2343.0,2158.0,2158.0,618.0
623,Myanmar,Puerto Rico [PR],402016.99856527976,563143.713740458,374040.91784037556,412817.3321167883,2.0,76456.54567307692
624,Myanmar,Qatar [QA],51.0,563143.713740458,55.0,69.0,82.0,10.0
625,Myanmar,Republic of Congo [CG],48.0,563143.713740458,374040.91784037556,412817.3321167883,442567.1172839506,76456.54567307692
626,Myanmar,Réunion [RE],1.0,563143.713740458,374040.91784037556,412817.3321167883,442567.1172839506,76456.54567307692
627,Myanmar,Romania [RO],836.0,563143.713740458,716.0,764.0,747.0,255.0
628,Myanmar,Russia [RU],4138.0,5487.0,5534.0,5451.0,5259.0,2094.0
629,Myanmar,Rwanda [RW],4.0,563143.713740458,135.0,17.0,442567.1172839506,6.0
630,Myanmar,Samoa [WS],2.0,563143.713740458,374040.91784037556,412817.3321167883,442567.1172839506,3.0
631,Myanmar,San Marino [SM],5.0,563143.713740458,51.0,9.0,8.0,8.0
632,Myanmar,São Tomé and Príncipe [ST],4.0,563143.713740458,374040.91784037556,412817.3321167883,442567.1172839506,76456.54567307692
633,Myanmar,Saudi Arabia [SA],141.0,563143.713740458,165.0,149.0,159.0,45.0
634,Myanmar,Senegal [SN],43.0,563143.713740458,57.0,33.0,45.0,7.0
635,Myanmar,Serbia and Montenegro [ZB],462.0,563143.713740458,292.0,310.0,476.0,147.0
636,Myanmar,Seychelles [SC],6.0,563143.713740458,374040.91784037556,1.0,2.0,76456.54567307692
637,Myanmar,Sierra Leone [SL],24.0,563143.713740458,46.0,11.0,9.0,4.0
638,Myanmar,Singapore [SG],45125.0,50198.0,61859.0,58657.0,57890.0,8762.0
639,Myanmar,Slovak Republic [SK],625.0,563143.713740458,669.0,747.0,737.0,226.0
640,Myanmar,Slovenia [SI],381.0,563143.713740458,426.0,345.0,377.0,143.0
641,Myanmar,Solomon Islands [SB],5.0,563143.713740458,16.0,2.0,442567.1172839506,76456.54567307692
642,Myanmar,South Africa [ZA],1206.0,563143.713740458,2155.0,1041.0,1472.0,341.0
643,Myanmar,Spain [ES],9158.0,12765.0,13558.0,11315.0,13689.0,2182.0
644,Myanmar,Sri Lanka [LK],3155.0,563143.713740458,4318.0,5050.0,5729.0,741.0
645,Myanmar,St. Kitts and Nevis [KN],9.0,563143.713740458,8.0,8.0,7.0,3.0
646,Myanmar,St. Lucia [LC],7.0,563143.713740458,374040.91784037556,412817.3321167883,12.0,1.0
647,Myanmar,St. Vincent and the Grenadines [VC],3.0,563143.713740458,374040.91784037556,412817.3321167883,442567.1172839506,1.0
648,Myanmar,Sudan [SD],49.0,563143.713740458,491.0,52.0,95.0,49.0
649,Myanmar,Suriname [SR],2.0,563143.713740458,374040.91784037556,1.0,3.0,1.0
650,Myanmar,Swaziland [SZ],9.0,563143.713740458,6058.0,1287.0,38.0,523.0
651,Myanmar,Sweden [SE],4245.0,563143.713740458,4035.0,3196.0,2895.0,681.0
652,Myanmar,Switzerland [CH],12293.0,13897.0,7636.0,5938.0,9267.0,2877.0
653,Myanmar,Syria [SY],42.0,563143.713740458,32.0,58.0,45.0,21.0
654,Myanmar,Taiwan Province of China [TW],31735.0,36118.0,36499.0,35685.0,39374.0,7306.0
655,Myanmar,Tajikistan [TJ],22.0,563143.713740458,34.0,57.0,100.0,20.0
656,Myanmar,Thailand [TH],1604212.0,243443.0,1524516.0,1719350.0,1924581.0,457149.0
657,Myanmar,The Bahamas [BS],1.0,563143.713740458,374040.91784037556,412817.3321167883,16.0,2.0
658,Myanmar,The Gambia [GM],1.0,563143.713740458,13.0,14.0,11.0,3.0
659,Myanmar,Timor-Leste [TL],69.0,563143.713740458,99.0,89.0,92.0,76456.54567307692
660,Myanmar,Togo [TG],16.0,563143.713740458,45.0,10.0,442567.1172839506,5.0
661,Myanmar,Tonga [TO],402016.99856527976,563143.713740458,374040.91784037556,412817.3321167883,442567.1172839506,1.0
662,Myanmar,Trinidad and Tobago [TT],67.0,563143.713740458,38.0,412817.3321167883,47.0,15.0
663,Myanmar,Tunisia [TN],96.0,563143.713740458,57.0,31.0,40.0,26.0
664,Myanmar,Turkey [TR],1641.0,563143.713740458,1447.0,975.0,1078.0,289.0
665,Myanmar,Turkmenistan [TM],53.0,563143.713740458,47.0,101.0,119.0,13.0
666,Myanmar,Ukraine [UA],966.0,563143.713740458,1280.0,1302.0,1373.0,606.0
667,Myanmar,United Arab Emirates [AE],23.0,563143.713740458,43.0,59.0,50.0,1.0
668,Myanmar,United Kingdom [GB],45120.0,51051.0,47717.0,36363.0,34085.0,9317.0
669,Myanmar,United States [US],69815.0,76502.0,73085.0,65057.0,66757.0,15030.0
670,Myanmar,Uruguay [UY],94.0,563143.713740458,122.0,127.0,170.0,43.0
671,Myanmar,Uzbekistan [UZ],200.0,563143.713740458,217.0,123.0,164.0,29.0
672,Myanmar,Vanuatu [VU],25.0,563143.713740458,35.0,92.0,27.0,8.0
673,Myanmar,Venezuela [VE],173.0,563143.713740458,218.0,131.0,107.0,17.0
674,Myanmar,Viet Nam [VN],31150.0,48869.0,58919.0,53329.0,52567.0,9825.0
675,Myanmar,Yemen [YE],10.0,563143.713740458,9.0,9.0,15.0,8.0
676,Philippines,Total Intra-ASEAN,481567.0,461698.0,488346.0,530309.0,526832.0,83344.0
677,Philippines,Total Country (World),5360682.0,5967005.0,6620908.0,7127678.0,8260913.0,1482535.0
678,Philippines,Total EU-27,292723.0,341423.0,370666.0,410038.0,461278.0,112194.0
679,Philippines,Total EU-28,447312.0,514722.0,553374.0,611077.0,670484.0,76456.54567307692
680,Philippines,Andorra [AD],329.0,364.0,357.0,273.0,25.0,8.0
681,Philippines,Argentina [AR],1745.0,2369.0,3157.0,3468.0,3643.0,1432.0
682,Philippines,Australia [AU],241187.0,251098.0,259433.0,279821.0,286170.0,55330.0
683,Philippines,Austria [AT],12267.0,13087.0,13524.0,14192.0,14840.0,3875.0
684,Philippines,Bahrain [BH],3562.0,3689.0,3795.0,3638.0,3296.0,1094.0
685,Philippines,Bangladesh [BD],4664.0,4516.0,4591.0,5495.0,6630.0,1217.0
686,Philippines,Belgium [BE],12825.0,14477.0,15703.0,17283.0,19156.0,3756.0
687,Philippines,Brazil [BR],3495.0,4520.0,6114.0,7362.0,10035.0,2750.0
688,Philippines,Brunei Darussalam [BN],9015.0,8211.0,8679.0,9533.0,8126.0,1037.0
689,Philippines,Cambodia [KH],3503.0,3526.0,4712.0,4154.0,5988.0,942.0
690,Philippines,Canada [CA],156363.0,175631.0,200640.0,226429.0,238850.0,55273.0
691,Philippines,China [CN],490841.0,675663.0,968447.0,1255258.0,1743309.0,170432.0
692,Philippines,Colombia [CO],1228.0,1431.0,1747.0,2389.0,3386.0,722.0
693,Philippines,Denmark [DK],15269.0,18049.0,18445.0,17877.0,18535.0,4848.0
694,Philippines,Egypt [EG],1630.0,1985.0,2000.0,2155.0,3210.0,1213.0
695,Philippines,Finland [FI],6548.0,6318.0,6958.0,7216.0,8420.0,2135.0
696,Philippines,France [FR],45505.0,55384.0,64777.0,74389.0,88577.0,24530.0
697,Philippines,Germany [DE],75348.0,86363.0,85431.0,92090.0,103756.0,25893.0
698,Philippines,Greece [GR],2386.0,2483.0,3165.0,3453.0,3849.0,1325.0
699,Philippines,Guam [GU],35262.0,38777.0,36637.0,32357.0,19835.0,2882.0
700,Philippines,Hong Kong SAR [HK],122180.0,116328.0,111135.0,117984.0,91653.0,12444.0
701,Philippines,India [IN],74824.0,90816.0,107278.0,121124.0,134963.0,29014.0
702,Philippines,Indonesia [ID],48178.0,44348.0,62923.0,76651.0,70819.0,13734.0
703,Philippines,Ireland [IE],14050.0,16557.0,18051.0,20051.0,21475.0,3621.0
704,Philippines,Islamic Republic of Iran [IR],2505.0,2720.0,2598.0,2456.0,2290.0,411.0
705,Philippines,Israel [IL],11756.0,16725.0,17446.0,20343.0,22851.0,4745.0
706,Philippines,Italy [IT],21620.0,25945.0,30437.0,35178.0,38951.0,8976.0
707,Philippines,Japan [JP],495662.0,535238.0,584180.0,631801.0,682788.0,136664.0
708,Philippines,Jordan [JO],677.0,718.0,745.0,1129.0,1931.0,397.0
709,Philippines,Korea [KR],1339678.0,1475081.0,1607821.0,1587959.0,1989322.0,338877.0
710,Philippines,Kuwait [KW],5440.0,6649.0,8082.0,6448.0,6309.0,1171.0
711,Philippines,Lao PDR [LA],1231.0,1173.0,1580.0,1183.0,1454.0,203.0
712,Philippines,Luxembourg [LU],687.0,833.0,722.0,930.0,837.0,156.0
713,Philippines,Macao SAR [MO],10160.0,9247.0,9111.0,9336.0,8429.0,789.0
714,Philippines,Malaysia [MY],155814.0,139133.0,143566.0,145242.0,139882.0,23359.0
715,Philippines,Mexico [MX],3145.0,2924.0,5744.0,4246.0,5154.0,983.0
716,Philippines,Myanmar [MM],7033.0,7442.0,9571.0,9630.0,13978.0,2877.0
717,Philippines,Nauru [NR],20.0,17.0,16.0,38.0,93.0,5.0
718,Philippines,Nepal [NP],2908.0,3449.0,5328.0,8696.0,6018.0,940.0
719,Philippines,Netherlands [NL],28632.0,31876.0,33821.0,37047.0,41313.0,8961.0
720,Philippines,New Zealand [NZ],20579.0,23431.0,28983.0,33340.0,37872.0,6883.0
721,Philippines,Nigeria [NG],1430.0,1489.0,1558.0,2104.0,3439.0,1042.0
722,Philippines,Norway [NO],20968.0,21606.0,21890.0,23571.0,23464.0,4365.0
723,Philippines,Oman [OM],402016.99856527976,563143.713740458,2839.0,2734.0,2526.0,700.0
724,Philippines,Others Unspecified Countries [O0],271037.0,257991.0,210534.0,154380.0,171283.0,114314.0
725,Philippines,Pakistan [PK],4346.0,4256.0,4369.0,4998.0,5793.0,1340.0
726,Philippines,Papua New Guinea [PG],5910.0,7738.0,8110.0,8481.0,8828.0,1434.0
727,Philippines,Peru [PE],561.0,581.0,1008.0,1038.0,1660.0,350.0
728,Philippines,Poland [PL],8030.0,8893.0,10786.0,12568.0,15816.0,5429.0
729,Philippines,Portugal [PT],2206.0,2999.0,4189.0,5549.0,8113.0,2072.0
730,Philippines,Qatar [QA],4472.0,4745.0,4195.0,3781.0,2491.0,987.0
731,Philippines,Russia [RU],25278.0,28210.0,33279.0,29961.0,36111.0,12643.0
732,Philippines,Saudi Arabia [SA],50884.0,56081.0,54716.0,46966.0,43748.0,7014.0
733,Philippines,Singapore [SG],181176.0,176057.0,168637.0,171795.0,158595.0,19998.0
734,Philippines,South Africa [ZA],4570.0,5117.0,6471.0,7540.0,8553.0,2159.0
735,Philippines,Spain [ES],24144.0,32097.0,36954.0,44130.0,49748.0,9621.0
736,Philippines,Sri Lanka [LK],5292.0,5410.0,5343.0,6446.0,6412.0,1117.0
737,Philippines,Sweden [SE],23206.0,26062.0,27703.0,28085.0,27892.0,6996.0
738,Philippines,Switzerland [CH],27200.0,29420.0,29837.0,31071.0,29966.0,7094.0
739,Philippines,Taiwan Province of China [TW],177670.0,229303.0,236777.0,240842.0,327273.0,48644.0
740,Philippines,Thailand [TH],44038.0,47913.0,48727.0,59793.0,61292.0,9788.0
741,Philippines,Turkey [TR],6026.0,7884.0,8408.0,8615.0,8654.0,3619.0
742,Philippines,United Arab Emirates [AE],16881.0,17634.0,16399.0,15400.0,10192.0,2518.0
743,Philippines,United Kingdom [GB],154589.0,173299.0,182708.0,201039.0,209206.0,39980.0
744,Philippines,United States [US],779217.0,869463.0,957813.0,1034396.0,1064440.0,211816.0
745,Philippines,Venezuela [VE],221.0,271.0,257.0,423.0,702.0,185.0
746,Philippines,Viet Nam [VN],31579.0,33895.0,39951.0,52328.0,66698.0,11406.0
747,Singapore,Total Intra-ASEAN,5748155.0,5936364.0,6225114.0,6520966.0,6623930.0,896779.0
748,Singapore,Total Country (World),15231469.0,16403595.0,17424611.0,18508302.0,19113842.0,2742443.0
749,Singapore,Total EU-27,842294.0,886275.0,910505.0,1009161.0,1039138.0,227143.0
750,Singapore,Total EU-28,1316104.0,1375499.0,1429435.0,1598056.0,1646929.0,76456.54567307692
751,Singapore,Australia [AU],1043568.0,1027314.0,1082001.0,1107224.0,1143305.0,206239.0
752,Singapore,Austria [AT],25108.0,26822.0,374040.91784037556,412817.3321167883,442567.1172839506,76456.54567307692
753,Singapore,Bangladesh [BD],122587.0,123343.0,120589.0,126314.0,136969.0,21897.0
754,Singapore,Belgium [BE],27579.0,563143.713740458,30800.0,34267.0,34459.0,6059.0
755,Singapore,Brunei Darussalam [BN],73594.0,69891.0,68419.0,74960.0,72603.0,8153.0
756,Singapore,Cambodia [KH],49672.0,563143.713740458,77619.0,98097.0,442567.1172839506,76456.54567307692
757,Singapore,Canada [CA],96247.0,98474.0,105214.0,129516.0,138548.0,26927.0
758,Singapore,China [CN],2106164.0,2863669.0,3228134.0,3417604.0,3627030.0,357292.0
759,Singapore,Denmark [DK],31389.0,31246.0,33986.0,37417.0,38046.0,9248.0
760,Singapore,Egypt [EG],4538.0,4426.0,4029.0,4368.0,5182.0,1006.0
761,Singapore,Finland [FI],27904.0,28642.0,31327.0,32580.0,30775.0,9021.0
762,Singapore,France [FR],157483.0,170913.0,175413.0,204769.0,212782.0,41621.0
763,Singapore,Germany [DE],286732.0,328765.0,342386.0,356807.0,380715.0,95563.0
764,Singapore,Greece [GR],8867.0,8744.0,374040.91784037556,412817.3321167883,442567.1172839506,76456.54567307692
765,Singapore,Hong Kong SAR [HK],609888.0,537970.0,465781.0,473124.0,488524.0,58976.0
766,Singapore,India [IN],1013986.0,1097200.0,1272077.0,1442277.0,1417931.0,175522.0
767,Singapore,Indonesia [ID],2731690.0,2893646.0,2954400.0,3021455.0,3110416.0,457696.0
768,Singapore,Ireland [IE],17347.0,18943.0,20607.0,22677.0,24691.0,4716.0
769,Singapore,Islamic Republic of Iran [IR],12267.0,22641.0,24885.0,13938.0,7964.0,1052.0
770,Singapore,Israel [IL],15743.0,18635.0,19691.0,22385.0,24296.0,4736.0
771,Singapore,Italy [IT],69350.0,74629.0,80428.0,102006.0,102708.0,19685.0
772,Singapore,Japan [JP],789179.0,783863.0,792873.0,829676.0,884304.0,125879.0
773,Singapore,Korea [KR],577082.0,566510.0,631363.0,629454.0,645839.0,89522.0
774,Singapore,Kuwait [KW],10767.0,11123.0,9465.0,9794.0,9625.0,1278.0
775,Singapore,Lao PDR [LA],8621.0,563143.713740458,11377.0,11417.0,442567.1172839506,76456.54567307692
776,Singapore,Malaysia [MY],1171077.0,1151584.0,1168384.0,1254022.0,1220664.0,153650.0
777,Singapore,Mauritius [MU],8739.0,12832.0,13402.0,14099.0,13096.0,1487.0
778,Singapore,Myanmar [MM],105452.0,113616.0,145721.0,145610.0,155985.0,26112.0
779,Singapore,Nepal [NP],17218.0,20881.0,374040.91784037556,412817.3321167883,442567.1172839506,76456.54567307692
780,Singapore,Netherlands [NL],79052.0,82245.0,86911.0,98332.0,99445.0,17860.0
781,Singapore,New Zealand [NZ],127618.0,121100.0,131238.0,137677.0,152995.0,23767.0
782,Singapore,Norway [NO],31650.0,29250.0,28993.0,33961.0,33928.0,7430.0
783,Singapore,Others Unspecified Countries [O0],278200.0,395117.0,438535.0,479029.0,636449.0,131649.0
784,Singapore,Pakistan [PK],18948.0,22213.0,23506.0,25330.0,19963.0,2976.0
785,Singapore,Philippines [PH],673374.0,691643.0,736500.0,778141.0,829304.0,97881.0
786,Singapore,Poland [PL],20847.0,22070.0,374040.91784037556,412817.3321167883,442567.1172839506,76456.54567307692
787,Singapore,Russia [RU],63842.0,70404.0,80134.0,84527.0,80255.0,28991.0
788,Singapore,Saudi Arabia [SA],16091.0,14520.0,10990.0,11929.0,15471.0,3494.0
789,Singapore,South Africa [ZA],32470.0,32834.0,34626.0,38409.0,42736.0,7326.0
790,Singapore,Spain [ES],48074.0,49491.0,60636.0,66884.0,65394.0,10256.0
791,Singapore,Sri Lanka [LK],93052.0,101905.0,107789.0,113802.0,98737.0,11753.0
792,Singapore,Sweden [SE],42562.0,43765.0,48011.0,53422.0,50123.0,13114.0
793,Singapore,Switzerland [CH],100849.0,101455.0,104759.0,102394.0,97970.0,18670.0
794,Singapore,Taiwan Province of China [TW],378026.0,394216.0,395551.0,422938.0,425624.0,61887.0
795,Singapore,Thailand [TH],516409.0,546555.0,531335.0,545650.0,528486.0,63622.0
796,Singapore,Turkey [TR],20289.0,23149.0,374040.91784037556,412817.3321167883,442567.1172839506,76456.54567307692
797,Singapore,United Arab Emirates [AE],78693.0,80234.0,79007.0,76268.0,81526.0,7457.0
798,Singapore,United Kingdom [GB],473810.0,489224.0,518930.0,588895.0,607791.0,133367.0
799,Singapore,United States [US],499509.0,516454.0,565430.0,643243.0,729260.0,123182.0
800,Singapore,Viet Nam [VN],418266.0,469429.0,531359.0,591614.0,591928.0,74424.0
801,Thailand,Total Intra-ASEAN,7886136.0,8897291.0,9322508.0,10191391.0,10751957.0,1652593.0
802,Thailand,Total Country (World),29881091.0,32529588.0,35591978.0,38178194.0,39916251.0,6702396.0
803,Thailand,Total EU-27,2880089.0,3002656.0,3100007.0,3187338.0,3104517.0,905300.0
804,Thailand,Total EU-28,3827008.0,3964127.0,4094762.0,4174192.0,4097003.0,76456.54567307692
805,Thailand,Argentina [AR],28965.0,46390.0,63004.0,44024.0,29498.0,12457.0
806,Thailand,Australia [AU],805946.0,813017.0,817218.0,801203.0,767162.0,123598.0
807,Thailand,Austria [AT],97806.0,97989.0,104784.0,116656.0,111428.0,35524.0
808,Thailand,Bangladesh [BD],107394.0,103616.0,121765.0,129574.0,136673.0,21817.0
809,Thailand,Belgium [BE],106100.0,112140.0,112266.0,114270.0,114669.0,26254.0
810,Thailand,Brazil [BR],48522.0,63139.0,78186.0,66000.0,69714.0,18855.0
811,Thailand,Brunei Darussalam [BN],13833.0,17994.0,14268.0,14260.0,15608.0,1576.0
812,Thailand,Cambodia [KH],487487.0,684836.0,840871.0,948824.0,910685.0,165718.0
813,Thailand,Canada [CA],227306.0,222358.0,258494.0,276094.0,273218.0,58223.0
814,Thailand,China [CN],7934791.0,8821148.0,9806260.0,10535241.0,10997169.0,1249910.0
815,Thailand,Denmark [DK],159425.0,163406.0,161920.0,169373.0,162448.0,66824.0
816,Thailand,Egypt [EG],25216.0,24913.0,24100.0,24061.0,23722.0,3550.0
817,Thailand,Finland [FI],134731.0,131207.0,140464.0,140961.0,128014.0,59643.0
818,Thailand,France [FR],681097.0,697738.0,740190.0,749556.0,745318.0,236527.0
819,Thailand,Germany [DE],760604.0,825496.0,850139.0,886523.0,852432.0,230598.0
820,Thailand,Hong Kong SAR [HK],669165.0,690465.0,821064.0,1015749.0,1045283.0,124233.0
821,Thailand,India [IN],1069149.0,1076970.0,1415197.0,1598346.0,1995363.0,261778.0
822,Thailand,Indonesia [ID],469226.0,558499.0,576110.0,644709.0,709578.0,99033.0
823,Thailand,Israel [IL],141021.0,161254.0,173673.0,188788.0,195856.0,29368.0
824,Thailand,Italy [IT],246066.0,248903.0,264515.0,279905.0,272310.0,60104.0
825,Thailand,Japan [JP],1381690.0,1416903.0,1544442.0,1656101.0,1806383.0,320331.0
826,Thailand,Korea [KR],1372995.0,1449617.0,1709265.0,1796426.0,1890959.0,260228.0
827,Thailand,Kuwait [KW],66772.0,68168.0,72244.0,74665.0,78199.0,10234.0
828,Thailand,Lao PDR [LA],1233138.0,1414916.0,1682087.0,1664630.0,1854719.0,380917.0
829,Thailand,Malaysia [MY],3423397.0,3506199.0,3494488.0,4020526.0,4272584.0,619451.0
830,Thailand,Myanmar [MM],259678.0,363871.0,365606.0,368188.0,378232.0,54709.0
831,Thailand,Nepal [NP],32678.0,43170.0,43251.0,55046.0,60377.0,9816.0
832,Thailand,Netherlands [NL],221657.0,228443.0,222409.0,236265.0,241565.0,51558.0
833,Thailand,New Zealand [NZ],112314.0,99402.0,117962.0,116726.0,112660.0,15690.0
834,Thailand,Norway [NO],135347.0,134335.0,127850.0,128841.0,127983.0,39511.0
835,Thailand,Others Unspecified Countries [O0],1124238.0,1308314.0,1386184.0,1406413.0,1418321.0,350954.0
836,Thailand,Pakistan [PK],78619.0,71720.0,81854.0,84981.0,79805.0,12412.0
837,Thailand,Philippines [PH],310975.0,323860.0,381252.0,432237.0,506306.0,71796.0
838,Thailand,Russia [RU],884085.0,1085890.0,1346338.0,1472789.0,1483334.0,587167.0
839,Thailand,Saudi Arabia [SA],19163.0,33038.0,33531.0,28337.0,30006.0,4131.0
840,Thailand,Singapore [SG],937311.0,1163309.0,1032647.0,1069867.0,1056582.0,126879.0
841,Thailand,South Africa [ZA],75825.0,563143.713740458,93313.0,102687.0,96450.0,11359.0
842,Thailand,Spain [ES],150940.0,168264.0,179584.0,181880.0,188995.0,26409.0
843,Thailand,Sri Lanka [LK],75429.0,67876.0,63267.0,64760.0,71043.0,8155.0
844,Thailand,Sweden [SE],321663.0,329070.0,323736.0,311949.0,287338.0,111859.0
845,Thailand,Switzerland [CH],206454.0,226412.0,209528.0,207471.0,192126.0,51697.0
846,Thailand,Taiwan Province of China [TW],552624.0,513528.0,573077.0,687748.0,789973.0,119408.0
847,Thailand,United Arab Emirates [AE],124719.0,187665.0,137218.0,128270.0,130158.0,7154.0
848,Thailand,United Kingdom [GB],946919.0,961471.0,994755.0,986854.0,992486.0,221392.0
849,Thailand,United States [US],867520.0,938862.0,1056423.0,1122270.0,1165856.0,211075.0
850,Thailand,Viet Nam [VN],751091.0,863807.0,935179.0,1028150.0,1047663.0,132514.0
851,Viet Nam,Total Intra-ASEAN,1300839.0,1461172.0,1683524.0,1781327.0,2037257.0,509327.0
852,Viet Nam,Total Country (World),7943651.0,10012735.0,12922151.0,15497791.0,18008591.0,3686779.0
853,Viet Nam,Total EU-27,598205.0,701616.0,781232.0,857394.0,898348.0,237514.0
854,Viet Nam,Total EU-28,811003.0,956457.0,1064769.0,1155508.0,1213432.0,76456.54567307692
855,Viet Nam,Argentina [AR],402016.99856527976,563143.713740458,12310.0,412817.3321167883,442567.1172839506,76456.54567307692
856,Viet Nam,Australia [AU],303721.0,320678.0,370438.0,386934.0,383511.0,92227.0
857,Viet Nam,Azerbaijan [AZ],402016.99856527976,563143.713740458,367.0,412817.3321167883,442567.1172839506,76456.54567307692
858,Viet Nam,Bangladesh [BD],402016.99856527976,563143.713740458,6840.0,412817.3321167883,442567.1172839506,76456.54567307692
859,Viet Nam,Belgium [BE],23939.0,26231.0,29144.0,31382.0,34187.0,7452.0
860,Viet Nam,Brazil [BR],402016.99856527976,563143.713740458,17301.0,412817.3321167883,442567.1172839506,76456.54567307692
861,Viet Nam,Brunei Darussalam [BN],402016.99856527976,563143.713740458,9387.0,8602.0,442567.1172839506,76456.54567307692
862,Viet Nam,Cambodia [KH],227074.0,211949.0,222614.0,202954.0,227910.0,120430.0
863,Viet Nam,Canada [CA],105670.0,122929.0,138242.0,149535.0,159121.0,41807.0
864,Viet Nam,China [CN],1780918.0,2696848.0,4008253.0,4966468.0,5806425.0,871819.0
865,Viet Nam,Colombia [CO],402016.99856527976,563143.713740458,5424.0,412817.3321167883,442567.1172839506,76456.54567307692
866,Viet Nam,Democratic People's Republic of Korea [KP],402016.99856527976,563143.713740458,374040.91784037556,739.0,442567.1172839506,76456.54567307692
867,Viet Nam,Denmark [DK],28293.0,30996.0,34720.0,39926.0,42043.0,14444.0
868,Viet Nam,Finland [FI],15043.0,15953.0,18236.0,22785.0,21480.0,9994.0
869,Viet Nam,France [FR],211636.0,240808.0,255369.0,279659.0,287655.0,74480.0
870,Viet Nam,Germany [DE],149079.0,176015.0,199872.0,213986.0,226792.0,61465.0
871,Viet Nam,Hong Kong SAR [HK],402016.99856527976,34613.0,47721.0,62208.0,51618.0,3780.0
872,Viet Nam,India [IN],402016.99856527976,563143.713740458,109464.0,132371.0,168998.0,76456.54567307692
873,Viet Nam,Indonesia [ID],62240.0,69653.0,81065.0,87941.0,106688.0,21446.0
874,Viet Nam,Islamic Republic of Iran [IR],402016.99856527976,563143.713740458,3670.0,3633.0,442567.1172839506,76456.54567307692
875,Viet Nam,Israel [IL],402016.99856527976,563143.713740458,24619.0,34409.0,442567.1172839506,76456.54567307692
876,Viet Nam,Italy [IT],40291.0,51265.0,58041.0,65562.0,70798.0,17774.0
877,Viet Nam,Japan [JP],671379.0,740592.0,798119.0,826674.0,951962.0,200346.0
878,Viet Nam,Kazakhstan [KZ],402016.99856527976,563143.713740458,8273.0,412817.3321167883,442567.1172839506,76456.54567307692
879,Viet Nam,Korea [KR],1112978.0,1543883.0,2415245.0,3485406.0,4290802.0,819089.0
880,Viet Nam,Lao PDR [LA],113992.0,137004.0,141588.0,120009.0,98492.0,36810.0
881,Viet Nam,Macao SAR [MO],402016.99856527976,563143.713740458,7313.0,412817.3321167883,442567.1172839506,76456.54567307692
882,Viet Nam,Malaysia [MY],346584.0,407574.0,480456.0,540119.0,606206.0,116221.0
883,Viet Nam,Mexico [MX],402016.99856527976,563143.713740458,374040.91784037556,12222.0,442567.1172839506,76456.54567307692
884,Viet Nam,Mongolia [MN],438704.0,563143.713740458,374040.91784037556,412817.3321167883,442567.1172839506,76456.54567307692
885,Viet Nam,Myanmar [MM],402016.99856527976,563143.713740458,35626.0,34505.0,442567.1172839506,76456.54567307692
886,Viet Nam,Netherlands [NL],52967.0,64712.0,72277.0,77300.0,81092.0,18265.0
887,Viet Nam,New Zealand [NZ],31960.0,42588.0,49115.0,49854.0,47088.0,9470.0
888,Viet Nam,Norway [NO],21425.0,23110.0,24293.0,26134.0,28037.0,8958.0
889,Viet Nam,Others Unspecified Countries [O0],299075.0,544458.0,256166.0,381612.0,514324.0,190276.0
890,Viet Nam,Pakistan [PK],402016.99856527976,563143.713740458,4592.0,412817.3321167883,442567.1172839506,76456.54567307692
891,Viet Nam,Philippines [PH],99757.0,110967.0,133543.0,151641.0,179190.0,36969.0
892,Viet Nam,Qatar [QA],402016.99856527976,563143.713740458,374040.91784037556,241.0,442567.1172839506,76456.54567307692
893,Viet Nam,Russia [RU],338843.0,433987.0,574164.0,606637.0,646524.0,244966.0
894,Viet Nam,Saudi Arabia [SA],402016.99856527976,563143.713740458,1276.0,412817.3321167883,442567.1172839506,76456.54567307692
895,Viet Nam,Singapore [SG],236547.0,257041.0,277658.0,286246.0,308969.0,51726.0
896,Viet Nam,Spain [ES],44932.0,57957.0,69528.0,77071.0,83597.0,11783.0
897,Viet Nam,Sri Lanka [LK],402016.99856527976,563143.713740458,11642.0,412817.3321167883,442567.1172839506,76456.54567307692
898,Viet Nam,Sweden [SE],32025.0,37679.0,44045.0,49723.0,50704.0,21857.0
899,Viet Nam,Switzerland [CH],28750.0,31475.0,33123.0,34541.0,36577.0,10845.0
900,Viet Nam,Taiwan Province of China [TW],330196.0,507301.0,616232.0,714112.0,926744.0,192216.0
901,Viet Nam,Thailand [TH],214645.0,266984.0,301587.0,349310.0,509802.0,125725.0
902,Viet Nam,Turkey [TR],402016.99856527976,563143.713740458,13388.0,412817.3321167883,442567.1172839506,76456.54567307692
903,Viet Nam,United Arab Emirates [AE],402016.99856527976,563143.713740458,954.0,412817.3321167883,442567.1172839506,76456.54567307692
904,Viet Nam,United Kingdom [GB],212798.0,254841.0,283537.0,298114.0,315084.0,81433.0
905,Viet Nam,United States [US],368190.0,552644.0,614117.0,687226.0,746171.0,172706.0
906,Viet Nam,Venezuela [VE],402016.99856527976,563143.713740458,1197.0,412817.3321167883,442567.1172839506,76456.54567307692
